fpr,tpr,split
0.0,0.0,train
0.0004531165925632239,0.004583742732566472,train
0.000892073291608847,0.008689391238149397,train
0.0013121501326310025,0.012715930627037204,train
0.0017652667251942266,0.016460428817272846,train
0.0022797428563337205,0.02010288771206116,train
0.0027753391294497464,0.023878341643612282,train
0.0032945352250951074,0.027106910811923235,train
0.003818451285246335,0.030632425795075285,train
0.004384847025950365,0.033941250589018965,train
0.0049323629086309275,0.03735211467840997,train
0.005583718010440561,0.04068043012429303,train
0.006230353147744329,0.04435155174252161,train
0.006806188817460093,0.047776173939163946,train
0.007339544806623054,0.051586023138843376,train
0.008047539482503092,0.05520784487275471,train
0.008727214371347927,0.05871042967715455,train
0.009482408692286634,0.0622795119999358,train
0.01016208358113147,0.06571101325020379,train
0.010827598576458704,0.06915741911666072,train
0.011549753145856344,0.07282280819020125,train
0.012304947466795049,0.07624169784215552,train
0.013163981006862828,0.07954822961822398,train
0.013895575505272201,0.08295565418080217,train
0.014721569293798911,0.08656027828064934,train
0.01547204365023175,0.08999292603985494,train
0.016354677012828864,0.09350468291575567,train
0.017190110730367306,0.09716548595354575,train
0.018006664589882284,0.10093635384934643,train
0.01885625820093833,0.10436326906386399,train
0.019790811173099977,0.1078956631006417,train
0.02072536414526163,0.11157022424568311,train
0.02164103725939981,0.11475293305648965,train
0.022518950657491054,0.11806978341299659,train
0.023387424126570567,0.1214370801627584,train
0.024359736814779154,0.12504858331623125,train
0.025346209396505337,0.1290143577314257,train
0.02639876148131366,0.1324458589816937,train
0.02736163424051051,0.1362087013149311,train
0.028376426609271897,0.13953357723400134,train
0.029344019332974616,0.14332164276386616,train
0.030429611169324005,0.1471085617847934,train
0.031628482153814204,0.1507487276617065,train
0.03267631427411666,0.15398073635683027,train
0.03373358632343085,0.15764268590355796,train
0.03477669847922744,0.16093316655449988,train
0.03596140957020003,0.16459396959228995,train
0.03713196076765503,0.16803922894980927,train
0.03820339271048682,0.17161175079940336,train
0.03939282376596528,0.17507764731779968,train
0.040520895282867474,0.17881755947228486,train
0.041696166444828334,0.1824852415637006,train
0.04276759838766012,0.1860268076719792,train
0.043990069194679654,0.18940556951111712,train
0.045335259078851727,0.1927224198676241,train
0.04656716981488299,0.19610806076038767,train
0.047671641509255853,0.19951892484977868,train
0.04885163263572258,0.20311781640493778,train
0.05007882340724798,0.20701136075706278,train
0.05139097353987898,0.21018604400530605,train
0.05265592402745131,0.21402570243736335,train
0.053925594479529514,0.21761083588527114,train
0.055270784363701586,0.22105838826066568,train
0.05664429403490886,0.22441880595680183,train
0.05794228427402226,0.22772075169711986,train
0.05925443440665326,0.2308805303291742,train
0.06052410485873146,0.23411253902429796,train
0.061878734671915264,0.23719091552178195,train
0.06328528409466361,0.24044012185096988,train
0.06461631408531808,0.2437753163504786,train
0.06592846421794908,0.24682846965133518,train
0.06737749332125022,0.25013500142740364,train
0.06871796324091643,0.25328102195220664,train
0.0701056328056413,0.2563903541910061,train
0.07149802233487204,0.25973930679776613,train
0.07287153200607932,0.2633806191836168,train
0.07427336146432179,0.26643033295766055,train
0.0756421511710232,0.2695453977411481,train
0.0769684611971718,0.27245409091586575,train
0.07834669083288494,0.2754969256362838,train
0.07970604061057461,0.278665876339839,train
0.08102291070771148,0.2818290944987062,train
0.08252385942057716,0.28479740613817955,train
0.08386904930474923,0.2880351473779914,train
0.08528031869200343,0.29105505191965725,train
0.08673406775981045,0.29425725138240316,train
0.08815005711157052,0.29722785603975177,train
0.08957076642783646,0.3001606259021592,train
0.09109531496323148,0.3032493209800817,train
0.09251130431499155,0.3063116463524391,train
0.09396977334730443,0.3093418694745435,train
0.09551792170522877,0.3120808793264948,train
0.09688199144742432,0.31513747215416416,train
0.09837350023127826,0.31823648581252517,train
0.09986028905062634,0.3210924395761127,train
0.10127627840238641,0.32390253298219585,train
0.10280082693778143,0.32711275800750506,train
0.10426873589910604,0.32991826537783775,train
0.1056422455703133,0.3326297590152864,train
0.10711959446064966,0.3353939920638651,train
0.10854974370592733,0.33812497635325317,train
0.11015453163792208,0.34075048182038103,train
0.11165548035078776,0.3436855447006637,train
0.11315170909914757,0.3465632821340659,train
0.1146904175280602,0.3495487914076034,train
0.11625744574400801,0.35221786421436047,train
0.11767815506027395,0.3549029881462441,train
0.1191838237376455,0.35763626545350735,train
0.12064229276995837,0.3604131101003998,train
0.12211964166029471,0.36330345913211565,train
0.12359699055063106,0.3661903686370187,train
0.1250601795474498,0.36885256239015013,train
0.12660832790537416,0.37154341886672176,train
0.12815175629879264,0.37411045237803153,train
0.12965742497616417,0.3769228388019899,train
0.13126221290815893,0.37954719776018014,train
0.13283868105311847,0.3820752499676111,train
0.13434434973049003,0.38458725104991554,train
0.13582641858533223,0.38719670539191686,train
0.13739816676578592,0.3898485805646098,train
0.13891327537216921,0.39261854615787656,train
0.14041422408503487,0.3951133496061169,train
0.1420095720880179,0.39761847163479563,train
0.14351052080088358,0.40004104501996646,train
0.14510586880386658,0.4024200510655081,train
0.1467012168068496,0.40510058896164125,train
0.14826824502279742,0.40770660377682977,train
0.14984471316775697,0.41008560982237136,train
0.15138814156117547,0.412532259895232,train
0.15301652931569953,0.41505228654009974,train
0.15461187731868256,0.4176456897569745,train
0.15623554510870077,0.42029183238497936,train
0.15776953357310752,0.422962051700674,train
0.1592563223924556,0.4254167273360979,train
0.16086583028895624,0.42797114924909396,train
0.16249893800798618,0.43036620641976214,train
0.16403292647239293,0.43284839826968874,train
0.1655338751852586,0.43538103651287013,train
0.16708202354318297,0.4378838655236737,train
0.16870569133320118,0.44040733169535423,train
0.1703859986972898,0.4428344911162755,train
0.17203326630983734,0.4451332415361844,train
0.1736663740288673,0.44724167147245,train
0.1753230815704266,0.44971698426875084,train
0.17692786950242134,0.45205012995678806,train
0.17854209736342783,0.4543913012073886,train
0.18019408494048125,0.45691935341481954,train
0.1818271926595112,0.459343073308928,train
0.18351221998810568,0.46159596337133246,train
0.18514060774262978,0.46396923687218605,train
0.1868633947872712,0.4661521898893963,train
0.18852954225784221,0.4686171841052587,train
0.1902853690540247,0.47083453239059725,train
0.19199399620514854,0.4731871687305738,train
0.19367902353374303,0.4755031167845469,train
0.19536405086233752,0.47801397135791374,train
0.19698771865235573,0.4804445703056478,train
0.19860194651336222,0.4826722371714249,train
0.20022561430338043,0.4849274202517046,train
0.20192480152549253,0.4872857891363692,train
0.20360510888958114,0.48964071849422103,train
0.20531373604070496,0.49192227128006577,train
0.20698932344028773,0.4943414051384238,train
0.20852803186920035,0.4967249972197158,train
0.2102036192687831,0.4991475706048866,train
0.2119736059584832,0.5012204587640863,train
0.21373415271917154,0.5033816281114819,train
0.21539086026073084,0.5056929901297046,train
0.2171089273408664,0.50782549675366,train
0.2188505942435313,0.5100107427887454,train
0.22063474082674897,0.5122097469310822,train
0.22230088829732,0.5144362672879217,train
0.2240991947740553,0.5165756529655027,train
0.2257983819961674,0.518925996287604,train
0.2274975692182795,0.5210149355719302,train
0.22920619636940331,0.5230924097668803,train
0.23098562298811512,0.5252638976947145,train
0.23277920950034456,0.5273562765058535,train
0.23452087640300945,0.5294704389868071,train
0.23627198323468607,0.5315330085655683,train
0.23798533035031577,0.5335359596795737,train
0.23969867746594545,0.5357315242950976,train
0.24151114383619834,0.5380658164920724,train
0.24329057045491018,0.5403485157868548,train
0.24506055714461028,0.5425222967325641,train
0.24691550319541597,0.5446570963743947,train
0.24872796956566887,0.5467437426408458,train
0.2505026762198748,0.5489599444172467,train
0.25235290230617463,0.5510569092641362,train
0.25419840842796865,0.5531229183697102,train
0.256029754656245,0.5554136432270558,train
0.2577903014169333,0.5575278057080094,train
0.2595933278581745,0.5596603123319648,train
0.2614293940509567,0.5616896331515352,train
0.26322298056318616,0.563826725811241,train
0.26499768721739214,0.5658640721933748,train
0.26681959351665674,0.5680160694692695,train
0.26862261995789793,0.5699341789218918,train
0.27050116583123296,0.5720529274385958,train
0.2724080314916032,0.5740558785526012,train
0.274258257577903,0.576051950612981,train
0.2760565640546383,0.5780732458699882,train
0.27786431046038534,0.5800165785192378,train
0.27971453654668516,0.5819988924723662,train
0.2815081230589146,0.5841623548376371,train
0.2833866689322496,0.5861733315142058,train
0.2852132951960201,0.5884113169604214,train
0.28712016085639036,0.59049910973581,train
0.28904590637478406,0.5924046075901185,train
0.2908253329934959,0.5944580050973788,train
0.2926944389378192,0.5964254144343182,train
0.2946060245626953,0.5983572819941918,train
0.2964043310394306,0.6002742449378764,train
0.29827815694825977,0.6021843288279354,train
0.3001708627151124,0.604210210120693,train
0.3020210888014122,0.6063014424228944,train
0.30396571417782936,0.6080854103298162,train
0.305858419944682,0.6101044125689482,train
0.3077275258890053,0.6121360264063939,train
0.30972407087498705,0.6141389775203993,train
0.3116167766418397,0.6161189984556524,train
0.3134528428346219,0.6180072986758969,train
0.3153077888854276,0.6200056637541518,train
0.31721465454579784,0.6220888704937899,train
0.31907904052561525,0.6241823958138666,train
0.32093398657642097,0.62619107947256,train
0.32281725241426185,0.6280300798084871,train
0.3245777991749502,0.6298587615639758,train
0.32649410476433216,0.631844515043917,train
0.3284764898567963,0.6337672105322897,train
0.3303691956236489,0.6359730937282522,train
0.3322571814259957,0.6380391028338261,train
0.3341546071573542,0.640040907438894,train
0.3361181123917948,0.6419406727485144,train
0.33806745773271785,0.6438186543883203,train
0.3399507235705588,0.6455200736517341,train
0.3419142288049994,0.6475058271316754,train
0.34380221460734617,0.6493310693603512,train
0.3456430007646342,0.6512560578665991,train
0.34761594592808664,0.6532876717040448,train
0.34956529126900965,0.6551679463617258,train
0.35149103678740334,0.6569473282328973,train
0.3533884625187619,0.6587714239526354,train
0.3553142080371556,0.6606287684315643,train
0.357320192952149,0.6626042033310671,train
0.3592931381156014,0.6643824386933008,train
0.36131800288861826,0.6661973623415381,train
0.3632107086554709,0.6680203115523387,train
0.36523557342848784,0.6697847888073212,train
0.3671565989823756,0.6715527055891164,train
0.36918146375539257,0.6733985849786692,train
0.37116856881236254,0.675359115261983,train
0.37319343358537943,0.6771224460080278,train
0.37521357839389047,0.6789809369958943,train
0.37731396259900124,0.6808027396977573,train
0.37935770723004164,0.6826291284353707,train
0.3813872919675644,0.6845197216734903,train
0.3833979968470637,0.6862968105267865,train
0.38549366108766864,0.6880337715672663,train
0.3874618862866151,0.6896858909463629,train
0.38952451077567896,0.6915409424074166,train
0.3916626546968367,0.6932389221440176,train
0.393744159043924,0.6949116786839912,train
0.3957926236394702,0.6967174302607276,train
0.3977844486609461,0.6985266213642769,train
0.3998140333984688,0.700226894118753,train
0.401829458242474,0.7019890783558603,train
0.40381184333493814,0.7037019627086503,train
0.4058839077530137,0.705371279721811,train
0.4078898926680071,0.7071082407622908,train
0.4098769977249771,0.7087809973022645,train
0.4118641027819471,0.7104755375120527,train
0.4138559278034229,0.7122388682580975,train
0.41580527314434595,0.714009078057768,train
0.4179386971009978,0.7156462928206757,train
0.4199824417320382,0.7173029982355228,train
0.42202618636307854,0.718991805900623,train
0.4242020900002832,0.7207734807896695,train
0.4263874335664996,0.7224577024190192,train
0.4284406181265517,0.7240995032176774,train
0.43039940339648647,0.7258639804726598,train
0.43249978760159724,0.7275550811556352,train
0.4345718520196728,0.7293080933212415,train
0.43667223622478357,0.7308512943512652,train
0.4386923810332946,0.7325962809543082,train
0.44077860534488783,0.7342162980831517,train
0.4428223499759282,0.7359910939185726,train
0.4449888136841211,0.7376959527087994,train
0.4471363975342905,0.7393308744538318,train
0.4492273418103896,0.7410150960831815,train
0.45141740534111185,0.74273829901641,train
0.45355554926226954,0.7442964046626226,train
0.455632333644851,0.7459771867651595,train
0.4577091180274324,0.7476396247246946,train
0.45974342272946106,0.7492871580680407,train
0.4617777274314897,0.7509129077415723,train
0.4639489111041885,0.752617766531799,train
0.4660351354157817,0.7542228790444536,train
0.4683101583076095,0.7558176729766697,train
0.4705238216608611,0.7575110666775203,train
0.47271388519158336,0.7591035675918612,train
0.47488506886428217,0.7606891894525764,train
0.47704681260796916,0.7623241111976088,train
0.4792132763161621,0.7638547006293187,train
0.4812995006277553,0.7653761179895278,train
0.4834187646908895,0.7670156257703107,train
0.48546722928643576,0.7686837962745339,train
0.48752041384648787,0.7702705646441866,train
0.48977655688029226,0.7719043398802815,train
0.4918863810144148,0.7735232105001875,train
0.49401036504205487,0.7751191509413412,train
0.4961721087857419,0.7767781493740634,train
0.4982772129553586,0.7783786758509676,train
0.5003587173024459,0.7799803488368093,train
0.5025110211171212,0.7816301751980308,train
0.5045783655706909,0.783268536469876,train
0.5068203487109777,0.7847463864904559,train
0.5089868124191707,0.7862746829042906,train
0.5112476754174808,0.787836228077316,train
0.5134235790546855,0.7893530594017746,train
0.5156278024789254,0.7908905278871101,train
0.5178084260806358,0.7923981871400678,train
0.520003209575864,0.79395170675053,train
0.5221507934260334,0.7955178379593059,train
0.5244305362823671,0.7970679180429551,train
0.5265875600615484,0.7985870423852889,train
0.5287068241246826,0.8001245108706245,train
0.5308732878328755,0.8016436352129583,train
0.5330775112571153,0.802989636705713,train
0.5352014952847555,0.8045328377357366,train
0.5374057187089953,0.8060622806585088,train
0.5396335419557645,0.8076146537600334,train
0.5418660851670395,0.8090787456733619,train
0.544051428733256,0.810543984095628,train
0.5461612528673785,0.812065401455837,train
0.5484740354752532,0.813539811949604,train
0.5505885795738816,0.814982120193118,train
0.5527408833885569,0.8164530911600721,train
0.5550017463868672,0.8178759087516466,train
0.5572201297046246,0.8194328678889217,train
0.5595989918155816,0.8209130109273767,train
0.5618456949203742,0.8223484401172649,train
0.5640593582736257,0.8237231043334599,train
0.566249421804348,0.8252456682026065,train
0.5684819650156231,0.8266031347847372,train
0.5707381080494275,0.8279571618400551,train
0.5729612113316908,0.829388004994193,train
0.5751984745074717,0.8309117153722771,train
0.5774262977542409,0.8322645959186575,train
0.5798051598651978,0.8337263948141108,train
0.5821226624375785,0.8352008053078778,train
0.5842277666071951,0.8366213298815771,train
0.5865263893215523,0.8380957403753441,train
0.5888202920714036,0.8394898952434784,train
0.5912085941113723,0.8408485083345467,train
0.5934364173581415,0.8422804979976222,train
0.595758639895028,0.8436792389015069,train
0.5981894216155494,0.8450848588590172,train
0.6004833243654008,0.8463723883959537,train
0.6026639479671113,0.8477344410138349,train
0.6049625706814685,0.8490987866495914,train
0.6072706333248374,0.8503863161865278,train
0.6095975758262298,0.8517414897507833,train
0.6119150783986105,0.8531803584674844,train
0.6141901012904383,0.8545538761747418,train
0.616649202797995,0.8559159287926229,train
0.6189572654413639,0.8573215487501333,train
0.6213550074103443,0.8587799081187737,train
0.6237197096277836,0.8600628516199598,train
0.6260088924131291,0.8614570064880941,train
0.6281989559438513,0.8628889961511695,train
0.6306391775933845,0.8642499022601131,train
0.632890600662683,0.8656085153511814,train
0.6352128231995695,0.8669591028796865,train
0.6375444856654678,0.8682374603451222,train
0.6399516675634599,0.8695834618378767,train
0.6422833300293582,0.870795321784931,train
0.6445961126372329,0.8722376300284449,train
0.6469608148546723,0.8735354781458199,train
0.6493160771430999,0.8748390588078829,train
0.6516996592185627,0.8760910465677535,train
0.653960522216873,0.8773957737387542,train
0.6562921846827712,0.8786534940433128,train
0.6587843259418689,0.8799765653573153,train
0.6613189468815195,0.8813053692160058,train
0.6637214088150057,0.8826651288160117,train
0.666156910500033,0.8839228491205703,train
0.6686679316171542,0.8851782764072538,train
0.6711411930182285,0.8865391825161973,train
0.6735955745612793,0.8877521889721891,train
0.6759933165302597,0.8890546231253146,train
0.6785892970084865,0.890263043545556,train
0.6810483985160432,0.8914794895283606,train
0.6834603003785411,0.8927830701904237,train
0.6860326810342386,0.8939192605475956,train
0.6885861818319127,0.8951838599057799,train
0.6910405633749634,0.8964347011567129,train
0.6935563044565904,0.8976431215769543,train
0.6959587663900767,0.8988630070865717,train
0.6985264270812683,0.9001734668022604,train
0.700985528588825,0.9013497849722487,train
0.7036192687830988,0.9024962939098592,train
0.7060170107520791,0.9037700653395444,train
0.7084855521886475,0.9049853648134114,train
0.7109729734832394,0.906216715412405,train
0.7133943152747492,0.9073563452963898,train
0.7160280554690229,0.9084673124569342,train
0.7187561949534139,0.9096677073146123,train
0.7214088150057112,0.9108807137706042,train
0.7240614350580084,0.9121212364410987,train
0.7266479756072234,0.913256280289333,train
0.7291778765823681,0.9143844450839417,train
0.7317549772025714,0.9155676423075556,train
0.7342943181067279,0.9168505858087417,train
0.7369091784429781,0.9180441016127942,train
0.7394721191696638,0.9192387639257842,train
0.7420350598963495,0.9203829798455194,train
0.7445838407295177,0.9215501259440068,train
0.7470854219176272,0.9226805837564906,train
0.7496955622893716,0.9238603414532918,train
0.7522207433000104,0.9249885062479004,train
0.7550527220035306,0.926093740863757,train
0.7576911821623101,0.9271771918097987,train
0.7605420407238538,0.9282961845329065,train
0.7631663409891157,0.929433521399016,train
0.7657104018577781,0.9305479280863734,train
0.7683111023005107,0.9317414438904259,train
0.7709920421398431,0.9328191622917796,train
0.7736352222631285,0.9339243969076361,train
0.7762878423154258,0.9350502686843696,train
0.7791245409834519,0.9362116822381689,train
0.7819470797579602,0.9372928401663355,train
0.7847035390293865,0.9384003678000672,train
0.7876251970585181,0.9394826722371714,train
0.7902966969688388,0.9405500720580867,train
0.7930201164887241,0.9416725043080073,train
0.7957388160441033,0.9427639808166125,train
0.7984669555284944,0.9438795340129074,train
0.8012753344094853,0.9449354687444466,train
0.804083713290476,0.9460154801636756,train
0.8068212927038788,0.9470381661360241,train
0.8096579913719049,0.9480872218139377,train
0.8125230098269661,0.9491408635276016,train
0.8152369894178396,0.9501601099731373,train
0.8180500882633363,0.9513043258928725,train
0.8209056667893857,0.952435930214294,train
0.8238367647475291,0.9535296997407743,train
0.8267914625282018,0.9546085646510657,train
0.8294488025450049,0.9556071739357244,train
0.832384620467654,0.9566241273633849,train
0.8353204383903033,0.9576204436301683,train
0.8383742554255992,0.9586030017897005,train
0.8411920742356017,0.9596256877620489,train
0.8440287729036278,0.9606541062790855,train
0.8470259503648533,0.9615701669202362,train
0.850013687897067,0.9625206228295152,train
0.8529542257842221,0.9634515880868549,train
0.8559608431744593,0.9643412790224406,train
0.8589391407776613,0.965331862744536,train
0.861860798806793,0.966214674626496,train
0.864839096409995,0.9672201629647804,train
0.8679873127354082,0.968166032838309,train
0.8709797702321278,0.9691440049620906,train
0.8740524671254473,0.9701162445411843,train
0.8770449246221669,0.9711320514599071,train
0.8800562619769099,0.972038940029557,train
0.8833271973794757,0.972942389072394,train
0.8862913350891601,0.9739111891246748,train
0.889524510775679,0.9748604985250162,train
0.8928190460007741,0.9757742661482918,train
0.8959011828231052,0.9766696896285655,train
0.8988936403198248,0.9775467689658375,train
0.9021268160063436,0.9784135297226709,train
0.9053175120123097,0.9793364694174473,train
0.9085412477698168,0.9801986441385304,train
0.9118546628529354,0.9810917746009289,train
0.9152435973681478,0.9820055422242044,train
0.9184578931966432,0.982863130909537,train
0.9219223471439495,0.9837126940323063,train
0.9252593620495974,0.9845656966818885,train
0.928714376067892,0.9853888900990928,train
0.9320513909735398,0.9862258416235484,train
0.9353223263761057,0.9870547675854408,train
0.9386027017076831,0.9879536305925273,train
0.9421379551225775,0.9887871425901701,train
0.94566376860846,0.9895598896141194,train
0.9491943020588485,0.9903819365223862,train
0.9527342754382487,0.9912200345557793,train
0.9564394475753543,0.991995074597604,train
0.9601823794285067,0.9927701146394287,train
0.9637837123464832,0.993599040601321,train
0.9674605646965535,0.9943626155537696,train
0.9712554161592705,0.9951135789079044,train
0.9751635467701283,0.9958244144492229,train
0.9790716773809861,0.9965673522407944,train
0.9830883671754789,0.9972506715676102,train
0.9871003370054657,0.9980050744485579,train
0.9911831063030406,0.9986849542485609,train
0.9954452342518384,0.9993694200843143,train
1.0,1.0,train
0.0,0.0,test
0.001061718940369687,0.010623359770682626,test
0.001862359452779615,0.019392231486592488,test
0.002558568594005639,0.026723027609114592,test
0.0035332613917220734,0.03338078498590977,test
0.0044557385038465555,0.03937034562234295,test
0.005430431301562989,0.04501612387786526,test
0.006474745013402026,0.052211343850168984,test
0.007484248268179761,0.058462372776309036,test
0.0086329933512027,0.06403552095135721,test
0.00971211752010304,0.07020423578629326,test
0.010721620774880774,0.07612600834761725,test
0.011939986772026318,0.08292902588536068,test
0.012949490026804051,0.08828912582435142,test
0.014150450795418944,0.09349428159166401,test
0.015177359278727329,0.09829270890832147,test
0.016482751418526124,0.10378838499753058,test
0.01775333310126362,0.10985541771980284,test
0.01914575138371567,0.11477973717594879,test
0.020416333066453164,0.12007689104519528,test
0.021686914749190656,0.1249043703940424,test
0.023114143488704008,0.1303177323920475,test
0.024454346085564103,0.13531952393403252,test
0.025864169596546804,0.13957080464445154,test
0.027152156507814947,0.1455555232755198,test
0.028614195704389597,0.15014090235611982,test
0.03004142444390295,0.15473596544744972,test
0.03141643749782435,0.15956344479629683,test
0.03286107146586835,0.16445871222025313,test
0.034323110662443,0.1697171300465801,test
0.035767744630487,0.17438482321838414,test
0.0371775681414697,0.17832621558544687,test
0.03860479688098305,0.18312948490746928,test
0.04004943084902705,0.187322661553509,test
0.041424443902948443,0.19081374742163215,test
0.042921293556584396,0.19476966580478972,test
0.04441814321022035,0.19830432972119733,test
0.0459498033209176,0.20178088957322565,test
0.047429247746022904,0.20611932638021363,test
0.0488390712570056,0.21046260519256654,test
0.05044035228182546,0.21376001084609203,test
0.05204163330664532,0.2183405479213271,test
0.05339924113203606,0.2221366801274416,test
0.054913496014202666,0.22626691070373706,test
0.05641034566783862,0.22987904670598375,test
0.05790719532147457,0.23349118270823044,test
0.059438855432171825,0.23713237074266677,test
0.06116197305670623,0.24059924658396523,test
0.06258920179621959,0.24467621510124632,test
0.06412086190691683,0.24772183647579482,test
0.06570473770320605,0.25142112857461046,test
0.0673060187280259,0.254960634496383,test
0.06897692066696835,0.2581902520747993,test
0.07064782260591082,0.2613278715512817,test
0.07217948271660807,0.26452359509214335,test
0.07371114282730533,0.26802920697636134,test
0.07527761339506388,0.2712830345816023,test
0.07687889441988373,0.2739461375323204,test
0.07849758067323424,0.2768900767942051,test
0.08011626692658474,0.2798727520990093,test
0.08180457409405785,0.2828021653447992,test
0.08340585511887771,0.28562021246719543,test
0.08493751522957496,0.28856899373444506,test
0.08638214919761897,0.29213755168840727,test
0.08805305113656142,0.2952170671005103,test
0.08961952170431997,0.2983982646252772,test
0.09120339750060918,0.3013954659461763,test
0.09278727329689838,0.30484781577137987,test
0.094301528179065,0.3079612252210375,test
0.09576356737563964,0.310759904321974,test
0.0973996588575208,0.3132971151332036,test
0.0989139137396874,0.31641052458286123,test
0.1004977895359766,0.31918983566233794,test
0.10201204441814321,0.322351665165645,test
0.10361332544296306,0.325189080309501,test
0.10516239078219097,0.32836059382353794,test
0.10679848226407213,0.33126579704250314,test
0.10845197897448393,0.3337933238430028,test
0.10998363908518119,0.33690673329266047,test
0.11148048873881714,0.33968120236677224,test
0.11302955407804505,0.342286201253111,test
0.11457861941727294,0.3449299361823693,test
0.11626692658474606,0.3476608272081965,test
0.11799004420928047,0.350038251842383,test
0.11959132523410032,0.3529434550613482,test
0.12126222717304279,0.35554361194232204,test
0.12275907682667873,0.3581728208554855,test
0.12427333170884533,0.361048972042261,test
0.1260138545619104,0.36386701916465725,test
0.1278065931005674,0.3664139139866167,test
0.12928603752567272,0.36907701693733475,test
0.1308002924078393,0.3719241160919206,test
0.13248859957531242,0.3744952209407048,test
0.13403766491454033,0.3771873759236125,test
0.13572597208201342,0.3795938525899887,test
0.1373272531068333,0.3822860075728964,test
0.13913739687402096,0.3847651143197467,test
0.1407038674417795,0.38760737146896757,test
0.14247920075190587,0.38984437794757076,test
0.1441326974623177,0.3920862264315389,test
0.14576878894419884,0.39426512884576276,test
0.14735266474048805,0.39660865944239465,test
0.14900616145089984,0.39936860250041156,test
0.15083371044661817,0.4020268634457647,test
0.15252201761409126,0.4046028102999138,test
0.15412329863891114,0.4069366568858158,test
0.1558290110349149,0.4093140815200023,test
0.1573780763741428,0.411928764417071,test
0.15904897831308526,0.4141512448795793,test
0.16045880182406794,0.4165577215459555,test
0.16225154036272496,0.41898840823915634,test
0.1637832004734222,0.42139972691089744,test
0.16548891286942596,0.4238110455826385,test
0.16698576252306194,0.42621752224901466,test
0.1687610958331883,0.42832863658812936,test
0.17034497162947748,0.4308319533618043,test
0.17201587356841996,0.43310769588332704,test
0.17365196505030112,0.43575627281795026,test
0.17532286698924357,0.43780444108732075,test
0.1771504159849619,0.440031763555194,test
0.1789431545236189,0.44229782206598683,test
0.18057924600550004,0.44452514453386016,test
0.18216312180178926,0.4469074111734116,test
0.183868834197793,0.4493574658880722,test
0.18557454659379677,0.4512797420179542,test
0.18717582761861662,0.45358453657166653,test
0.18886413478608974,0.455797333023445,test
0.1904306053538483,0.4581602316415367,test
0.19213631774985204,0.4601890318894473,test
0.19380721968879452,0.46261971858264817,test
0.19551293208479828,0.4648809350880761,test
0.19714902356667943,0.46686615728770225,test
0.19875030459149928,0.46918547785750947,test
0.2002993699307272,0.4712772241751644,test
0.20197027186966965,0.4732140263211412,test
0.2034671215233056,0.4752476685744168,test
0.2051554286907787,0.4774895170583849,test
0.20693076200090507,0.4800751479232639,test
0.20849723256866362,0.4822976283857722,test
0.21015072927907544,0.4847283150789731,test
0.21183903644654856,0.48665543321422,test
0.21352734361402165,0.4888488616445387,test
0.21528527169561737,0.49126018031627977,test
0.21699098409162113,0.49328898056419046,test
0.21874891217321685,0.49551630303206373,test
0.2205242454833432,0.4978598336286957,test
0.2222125526508163,0.4998595818444167,test
0.22404010164653462,0.5021789024142239,test
0.22565878789988514,0.5041592826084851,test
0.2273645002958889,0.5066335473499705,test
0.22893097086364744,0.5087737137212748,test
0.2307411146308351,0.510758935920901,test
0.23237720611271626,0.5129039442975702,test
0.23410032373725068,0.5151118987439838,test
0.23570160476207053,0.5171600670133543,test
0.2375117485292582,0.5193292854168482,test
0.2393392975249765,0.5215275558525319,test
0.24101019946391897,0.5237597203257701,test
0.24292477460229053,0.5256674704395572,test
0.24475232359800883,0.5275558525318846,test
0.2465972778222578,0.5295507587422407,test
0.24839001636091482,0.5314536668506629,test
0.2501827548995718,0.533526045146858,test
0.25194068298116756,0.5359276798078693,test
0.25385525811953913,0.5380194261255241,test
0.2557002123437881,0.5398448621481072,test
0.25749295088244506,0.5417429282511645,test
0.2592682841925715,0.5436603623756815,test
0.2610088070456365,0.5457424246826066,test
0.26292338218400807,0.5475484926837298,test
0.26476833640825703,0.5495288728779911,test
0.2665436697183834,0.5515528311205369,test
0.26845824485675496,0.5531700609124275,test
0.2704598461377798,0.5552327551978927,test
0.27253106833292723,0.5569419830917173,test
0.27441083301423747,0.5588787852376941,test
0.2761687610958332,0.5611738957806766,test
0.2779440944059596,0.5632414320715068,test
0.2798238590872698,0.5651540241906589,test
0.2818776760538866,0.5672360864975838,test
0.2838096564207888,0.569226150702575,test
0.28555017927385384,0.5710419027144282,test
0.287534375326348,0.5729399688174854,test
0.28943154523618897,0.5748041408829881,test
0.29115466286072333,0.5767748370665194,test
0.29301702231350296,0.5788133213251601,test
0.2947749503950987,0.5807065454228524,test
0.2963936366484492,0.58257555949372,test
0.2980819438159223,0.5843767854894784,test
0.29992689804017125,0.5862748515925356,test
0.3017892574929509,0.5882261797546071,test
0.30347756466042397,0.5902307699756931,test
0.30532251888467293,0.5923225162933481,test
0.30725449925157516,0.5943028964876093,test
0.30901242733317086,0.5960266503975287,test
0.3107703554147666,0.5979295585059509,test
0.31247606781077036,0.5996726804373299,test
0.31433842726355,0.6015562205242924,test
0.31613116580220696,0.60342523459516,test
0.3179064991123333,0.6053668787465016,test
0.3198036690221743,0.6072262088066394,test
0.3217704598461378,0.6087659665126909,test
0.32396351864099976,0.6106156125620987,test
0.325895499007902,0.6124507325954117,test
0.32774045323215095,0.6144650068272276,test
0.3296202179134612,0.6161306566727676,test
0.33153479305183275,0.6176655723734542,test
0.3333971525046124,0.6195539544657815,test
0.3351898910432694,0.6210888701664682,test
0.33682598252515056,0.623015988301715,test
0.3386013158352769,0.624938264431597,test
0.340341838688342,0.6267637004541801,test
0.34215198245552964,0.6286181885089529,test
0.34411877327949314,0.6305162546120101,test
0.34592891704668083,0.632278744564849,test
0.34773906081386846,0.63385723831382,test
0.34982768823754656,0.6357310943900526,test
0.351898910432694,0.6375274783804461,test
0.3537264594284123,0.6393529144030291,test
0.35572806070943713,0.6411686664148823,test
0.3575207992480941,0.6427568441745833,test
0.35962683190030287,0.6444999661059625,test
0.3615936227242664,0.6463931902036547,test
0.3636126292338218,0.6479474739258011,test
0.36544017822954017,0.6499908001898066,test
0.36742437428203434,0.6516031879763323,test
0.3694955964771817,0.653380203945266,test
0.3715494134437985,0.6550845898337255,test
0.37360323041041527,0.657132758103096,test
0.3756048316914401,0.6584304155409004,test
0.37738016500156646,0.660139643434725,test
0.3792077139972848,0.6619263434143885,test
0.38101785776447245,0.6636985173779573,test
0.38296724335990534,0.6653205891752128,test
0.38486441326974624,0.6670443430851322,test
0.3869530406934243,0.6688552530916204,test
0.3889024262888572,0.6706177430444593,test
0.39067775959898354,0.6724238110455827,test
0.39271417133706965,0.6740894608911226,test
0.3945069098757267,0.6760553150692891,test
0.3963170536429143,0.6775805467592458,test
0.39821422355275526,0.6792219865779612,test
0.40007658300553484,0.6809457404878805,test
0.40202596860096773,0.6825823383012308,test
0.4040101646534619,0.6844319843506387,test
0.405698471820935,0.6862235263356672,test
0.40790893584432764,0.6877584420363537,test
0.40985832143976053,0.6898114523110892,test
0.4119469488634386,0.6917627804731608,test
0.41407038674417795,0.6933993782865111,test
0.415863125282835,0.6950166080784017,test
0.4176732690500226,0.6963626855698556,test
0.4197096807881088,0.6979944413778411,test
0.42164166115501095,0.699834403416519,test
0.4236258572075051,0.7017324695195762,test
0.42569707940265256,0.7032431751934382,test
0.42773349114073866,0.7047006188082856,test
0.429508824450865,0.7060563803104694,test
0.431405994360706,0.7075089819199519,test
0.43340759564173076,0.7088502174060409,test
0.43549622306540886,0.7105255512623108,test
0.43753263480349497,0.7120265729254428,test
0.4393949942562746,0.7136099086797788,test
0.44151843213701397,0.7150625102892614,test
0.4434504125039162,0.7165732159631233,test
0.445504229470533,0.7180693956208903,test
0.4474536150659658,0.7195897853054821,test
0.44954224248964386,0.7211537530383584,test
0.45157865422773,0.7224853045137174,test
0.4536498764228774,0.7242090584236367,test
0.4556688829324329,0.7257972361833377,test
0.4577749155846416,0.727274047819645,test
0.4597939220941971,0.7287799114881419,test
0.4617781181466913,0.7304310353175871,test
0.46371009851359346,0.7317432187714864,test
0.46552024228078115,0.7330650862361155,test
0.4675044383332753,0.7346677900119113,test
0.4694016082431162,0.7361397596428537,test
0.4712291572388346,0.7374325750752931,test
0.4731263271486755,0.7389771747867097,test
0.4751627388867616,0.7405750365571405,test
0.47714693493925575,0.7421825823383013,test
0.4792877780485258,0.7438772842160309,test
0.48128937932955057,0.7454606199703669,test
0.48341281721028995,0.7469277475959444,test
0.48520555574894697,0.7485352933771051,test
0.4872941831726251,0.7501622071797256,test
0.48957426811014026,0.7517310169179667,test
0.49174992167647164,0.7532659326186534,test
0.4938385491001497,0.7545926420886474,test
0.4959445817523584,0.7561759778429834,test
0.49806801963309777,0.757546265361262,test
0.5004699411703276,0.7590230769975693,test
0.5025585685940056,0.7607419889021237,test
0.5046646012462144,0.7621945905116063,test
0.5068402548125457,0.7634874059440457,test
0.5088418560935705,0.7650852677144766,test
0.5109304835172486,0.7663393471039965,test
0.512949490026804,0.7679904709334417,test
0.5149336860792982,0.769307496392706,test
0.5170049082744457,0.7706148378412403,test
0.5189542938698785,0.7719028112683148,test
0.5211473526647404,0.7731907846953895,test
0.5233404114596024,0.7749532746482283,test
0.5254290388832805,0.7763719822201564,test
0.5277265290493264,0.7779988960227768,test
0.5299021826156577,0.7792965534605812,test
0.5319211891252132,0.7807201030378742,test
0.533870574720646,0.7822550187385607,test
0.5358199603160789,0.7834897301066209,test
0.5379259929682877,0.7850101197912127,test
0.5399275942493125,0.7865159834597096,test
0.5420858425871131,0.7877991148814193,test
0.5442266856963832,0.789324346571376,test
0.5464197444912452,0.7906510560413701,test
0.5483865353152086,0.7919729235059992,test
0.550614404567132,0.7933916310779272,test
0.5527900581334633,0.7947038145318265,test
0.5546698228147735,0.7960063139749959,test
0.5567062345528597,0.797415337536194,test
0.5586556201482925,0.7987759410437427,test
0.5606920318863786,0.7999864423849782,test
0.562763254081526,0.8014438859998256,test
0.5649215024193268,0.8027415434376302,test
0.5668882932432903,0.8040585688968943,test
0.5691857834093361,0.8053804363615235,test
0.5716051101750966,0.8067507238798021,test
0.5736589271417134,0.80816943145173,test
0.5755560970515543,0.8095300349592788,test
0.5775402931040484,0.8111521067565343,test
0.5798203780415637,0.8124013441406893,test
0.5818045740940578,0.8137958416857926,test
0.5838235806036133,0.8151128671450568,test
0.5859122080272914,0.8166380988350135,test
0.5879834302224388,0.8178631261923438,test
0.5901416785602395,0.8190784695389443,test
0.5925261948689386,0.8202114987943406,test
0.5944929856929021,0.8214897882106853,test
0.596442371288335,0.8230053358899122,test
0.5987920771399728,0.8242933093169867,test
0.6008632993351203,0.8255909667547912,test
0.6028997110732064,0.8269612542730698,test
0.6048316914401086,0.8282879637430638,test
0.6067984822640722,0.8296824612881671,test
0.6090089462874647,0.8308978046347676,test
0.6110279527970203,0.8321228319920978,test
0.6130121488495144,0.833362385365523,test
0.6151355867302538,0.8347762509320861,test
0.6173286455251158,0.8360400143323359,test
0.6194694886343858,0.8372553576789363,test
0.6216451422007171,0.83862080319185,test
0.6237685800814564,0.8399814066993986,test
0.6261356911616249,0.8412451700996485,test
0.6284853970132628,0.8428139798378896,test
0.6306958610366554,0.8441939513668981,test
0.6329411355171093,0.8455836069066365,test
0.6349253315696035,0.847123364612688,test
0.6369269328506283,0.848546914189981,test
0.6393984753019807,0.8498833076707049,test
0.6417307759250879,0.8511809651085094,test
0.6438019981202353,0.852546410621423,test
0.6459776516865666,0.8536939658929142,test
0.648101089567306,0.8548996252287847,test
0.6503637692762906,0.8560084444573565,test
0.6526090437567446,0.8573932579917298,test
0.6549935600654436,0.8585747073007757,test
0.6574128868312041,0.859799734658106,test
0.6598496188254952,0.8608940278705829,test
0.6620774880774185,0.8620609511635339,test
0.6641835207296272,0.863218190445755,test
0.6664636056671424,0.86446742782991,test
0.6685000174052286,0.8656149831014013,test
0.6708323180283358,0.8670433746840591,test
0.6732516447940962,0.8681328258911711,test
0.6752706513036516,0.869304591189487,test
0.677794409440596,0.8704230944287886,test
0.6800918996066418,0.871643279780754,test
0.6823545793156264,0.8728731491434493,test
0.684565043339019,0.8739190223022767,test
0.6866710759912278,0.8751876277078915,test
0.6888989452431511,0.8765337051993454,test
0.6912660563233195,0.8776037883849975,test
0.6937375987746719,0.8789692338979112,test
0.6961047098548404,0.880155525212322,test
0.6984370104779476,0.8812740284516235,test
0.7006300692728096,0.8825038978143188,test
0.7028405332962022,0.8837676612145686,test
0.7050335920910642,0.884987846566534,test
0.7074007031712326,0.886237083950689,test
0.7099766769937689,0.887408849249005,test
0.7121697357886309,0.8887646107511887,test
0.7145890625543914,0.8898443779475708,test
0.7170083893201518,0.890996775224427,test
0.7192710690291364,0.8923089586783263,test
0.7216207748807741,0.8933160957942341,test
0.7239530755038813,0.8945411231515644,test
0.7262505656699273,0.8956935204284207,test
0.7284610296933198,0.8969233897911159,test
0.7306540884881818,0.8982113632181904,test
0.7330211995683503,0.8993395504682219,test
0.7354579315626414,0.9005984718631068,test
0.7377728269572179,0.9016830810648538,test
0.7399484805235492,0.9028015843041554,test
0.7421589445469419,0.9040120856453909,test
0.744543460855641,0.9053630051422097,test
0.7468061405646256,0.9065154024190659,test
0.7491558464162634,0.9077888498300456,test
0.7515403627249626,0.9091204013054046,test
0.7538030424339471,0.9102243785286114,test
0.7562919901138302,0.9113331977571831,test
0.7581717547951404,0.9128051673881254,test
0.7603474083614717,0.9139043026059673,test
0.7628537612698855,0.9150905939203781,test
0.7651860618929927,0.9161703611167601,test
0.7673269050022626,0.9172888643560617,test
0.769798447453615,0.9186397838528805,test
0.7722177742193755,0.9199229152745901,test
0.7745500748424827,0.9209929984602423,test
0.7770390225223657,0.9222034998014778,test
0.7794757545166568,0.9232881090032248,test
0.7817732446827027,0.924430822269351,test
0.7840707348487486,0.9257284797071555,test
0.7867337348139382,0.9269147710215663,test
0.7892400877223518,0.9279800122018536,test
0.7916594144881123,0.9290936734357902,test
0.7938872837400355,0.9301831246429021,test
0.7963240157343265,0.9312628918392841,test
0.7987781529571484,0.9323281330195714,test
0.8014933686079299,0.9332045359906259,test
0.8038082640025064,0.9342407251387235,test
0.8065756953388799,0.9352333362385366,test
0.8092909109896613,0.9362501573651744,test
0.8119713161833815,0.9374703427171397,test
0.8140773488355902,0.9386324240047258,test
0.816531486058412,0.9397557692493923,test
0.8189334075956417,0.9407919583974899,test
0.821109061161973,0.9419395136689811,test
0.8233891460994883,0.9431742250370413,test
0.8257736624081874,0.9443363063246274,test
0.8283496362307237,0.9456049117302422,test
0.8308907995961987,0.9467573090070984,test
0.8333623420475511,0.9477160260693569,test
0.8359383158700874,0.9487667412335493,test
0.8382706164931946,0.9498610344460262,test
0.8408117798586695,0.9508826975780289,test
0.8434573745953284,0.9518898346939368,test
0.8459289170466808,0.9529114978259396,test
0.84831343335538,0.953792742802359,test
0.8509068124064469,0.9547272498377928,test
0.8534479757719219,0.955710176926876,test
0.8557628711664984,0.9567754181071633,test
0.8581125770181363,0.9576566630835827,test
0.8609322240401016,0.9586008541297464,test
0.8634907926341073,0.9596564112993037,test
0.8661189821422355,0.9605231302596283,test
0.8687819821074251,0.9613365871609386,test
0.8713231454729,0.9622710941963724,test
0.8740905768092735,0.9630942351084125,test
0.8766839558603404,0.9641449502726049,test
0.879695060396143,0.9650988253294984,test
0.8823406551328019,0.9660478583810271,test
0.8848470080412156,0.9670888895344896,test
0.887718870748773,0.9680233965699234,test
0.890555922999269,0.9690837957448457,test
0.8934800013924182,0.9700521968178341,test
0.8962474327287917,0.9709867038532679,test
0.8987885960942668,0.9719357369047965,test
0.9016256483447628,0.9728218238865809,test
0.9040101646534618,0.9737756989434744,test
0.907143105788979,0.9749135702042357,test
0.9098409162112299,0.9758529192450345,test
0.9124691057193581,0.9767825842751033,test
0.9155150207122219,0.9776880392783475,test
0.9181258049918195,0.9786128623030514,test
0.9209280467852543,0.9795376853277553,test
0.9235736415219132,0.9804673503578242,test
0.9266021512862463,0.9812275452001201,test
0.9294217983082118,0.9821426842140941,test
0.9325721446722596,0.9829658251261343,test
0.9353569812371636,0.9837938080435393,test
0.9385073276012114,0.9846702110145938,test
0.9413965955372994,0.9855659820071081,test
0.9441814321022035,0.9864133329459729,test
0.9470184843526995,0.9872558418794728,test
0.9499251575173182,0.9881467708666222,test
0.9529014515960594,0.9890425418591364,test
0.9562258502454137,0.9897978946960673,test
0.959202144324155,0.9905193534954436,test
0.962091412260243,0.9913957564664981,test
0.965328784766944,0.9922624754268228,test
0.968566157273645,0.9932260344944462,test
0.9714380199812024,0.9939910713421071,test
0.9749538761443938,0.9947706342058626,test
0.9781912486510947,0.9955647230857132,test
0.9811849479583667,0.996329759933374,test
0.9847878302642114,0.9971044807917647,test
0.9879381766282591,0.9978065715696813,test
0.9914888432485118,0.9985425563851524,test
0.9952483726111324,0.9993124352381783,test
1.0,1.0,test
