variable,bin,proportion,WoE,iv_contribution,IV
grade,G,0.0063,-1.3845,0.016518,0.4706
grade,F,0.0252,-1.2079,0.048957,0.4706
grade,E,0.0725,-0.9375,0.081018,0.4706
grade,D,0.1485,-0.5582,0.054078,0.4706
grade,C,0.2765,-0.1358,0.005312,0.4706
grade,B,0.2947,0.4844,0.059262,0.4706
grade,A,0.1763,1.3468,0.205409,0.4706
delinq_2yrs,0.0,0.8057,0.0191,0.000293,0.0021
delinq_2yrs,1.0,0.1289,-0.0387,0.000196,0.0021
delinq_2yrs,2.0,0.038,-0.125,0.000617,0.0021
delinq_2yrs,3.0,0.0138,-0.1725,0.000432,0.0021
delinq_2yrs,4.0,0.0061,-0.1867,0.000226,0.0021
delinq_2yrs,5.0,0.0031,-0.1701,9.6e-05,0.0021
delinq_2yrs,6.0,0.0017,-0.1648,5e-05,0.0021
delinq_2yrs,7.0,0.001,-0.3032,9.7e-05,0.0021
delinq_2yrs,8.0,0.0006,-0.1261,9e-06,0.0021
delinq_2yrs,9.0,0.0003,-0.2762,2.9e-05,0.0021
delinq_2yrs,10.0,0.0002,-0.1946,1e-05,0.0021
delinq_2yrs,11.0,0.0001,-0.2889,1.4e-05,0.0021
delinq_2yrs,12.0,0.0001,-0.4771,3e-05,0.0021
delinq_2yrs,13.0,0.0001,-0.1382,2e-06,0.0021
delinq_2yrs,14.0,0.0001,-0.4145,1.3e-05,0.0021
delinq_2yrs,15.0,0.0,-0.022,0.0,0.0021
delinq_2yrs,16.0,0.0,-0.444,8e-06,0.0021
delinq_2yrs,17.0,0.0,-0.5795,1e-05,0.0021
delinq_2yrs,18.0,0.0,-0.0168,0.0,0.0021
delinq_2yrs,19.0,0.0,-0.6074,8e-06,0.0021
delinq_2yrs,20.0,0.0,-0.2116,1e-06,0.0021
delinq_2yrs,21.0,0.0,-0.4583,3e-06,0.0021
delinq_2yrs,22.0,0.0,0.2956,1e-06,0.0021
delinq_2yrs,24.0,0.0,0.1085,0.0,0.0021
delinq_2yrs,26.0,0.0,0.2064,0.0,0.0021
delinq_2yrs,27.0,0.0,-0.3866,2e-06,0.0021
delinq_2yrs,29.0,0.0,0.1085,0.0,0.0021
delinq_2yrs,30.0,0.0,0.1085,0.0,0.0021
delinq_2yrs,39.0,0.0,0.1085,0.0,0.0021
inq_last_6mths,0.0,0.5653,0.1376,0.01025,0.0277
inq_last_6mths,1.0,0.2726,-0.0864,0.002087,0.0277
inq_last_6mths,2.0,0.1038,-0.2326,0.006015,0.0277
inq_last_6mths,3.0,0.0406,-0.3519,0.005567,0.0277
inq_last_6mths,4.0,0.0119,-0.4239,0.002408,0.0277
inq_last_6mths,5.0,0.0043,-0.4271,0.000896,0.0277
inq_last_6mths,6.0,0.0011,-0.3697,0.000172,0.0277
inq_last_6mths,7.0,0.0002,-0.7547,0.000132,0.0277
inq_last_6mths,8.0,0.0001,-0.8494,0.00011,0.0277
inq_last_6mths,9.0,0.0,-0.71,3.4e-05,0.0277
inq_last_6mths,10.0,0.0,0.3439,3e-06,0.0277
inq_last_6mths,11.0,0.0,-0.0168,0.0,0.0277
inq_last_6mths,12.0,0.0,-0.6344,1.1e-05,0.0277
inq_last_6mths,13.0,0.0,-0.2873,1e-06,0.0277
inq_last_6mths,14.0,0.0,-1.1034,2.5e-05,0.0277
inq_last_6mths,15.0,0.0,-0.8345,1.6e-05,0.0277
inq_last_6mths,16.0,0.0,0.2956,1e-06,0.0277
inq_last_6mths,17.0,0.0,-0.2781,1e-06,0.0277
inq_last_6mths,18.0,0.0,-0.4583,3e-06,0.0277
inq_last_6mths,19.0,0.0,0.2064,0.0,0.0277
inq_last_6mths,20.0,0.0,-0.3866,2e-06,0.0277
inq_last_6mths,24.0,0.0,0.2064,0.0,0.0277
inq_last_6mths,25.0,0.0,-0.3866,2e-06,0.0277
inq_last_6mths,27.0,0.0,0.1085,0.0,0.0277
inq_last_6mths,28.0,0.0,0.1085,0.0,0.0277
inq_last_6mths,31.0,0.0,0.1085,0.0,0.0277
inq_last_6mths,32.0,0.0,-0.3866,2e-06,0.0277
inq_last_6mths,33.0,0.0,-0.3866,2e-06,0.0277
verification_status,Verified,0.3217,-0.2021,0.013951,0.0522
verification_status,Source Verified,0.3839,-0.0721,0.00204,0.0522
verification_status,Not Verified,0.2944,0.3718,0.036181,0.0522
mths_since_earliest_cr_line,"(-0.982, 19.64]",0.0,0.4994,8e-06,0.0186
mths_since_earliest_cr_line,"(137.48, 157.12]",0.0012,-0.5709,0.000462,0.0186
mths_since_earliest_cr_line,"(157.12, 176.76]",0.0115,-0.3403,0.001478,0.0186
mths_since_earliest_cr_line,"(176.76, 196.4]",0.0189,-0.2398,0.001167,0.0186
mths_since_earliest_cr_line,"(196.4, 216.04]",0.0281,-0.1735,0.000892,0.0186
mths_since_earliest_cr_line,"(216.04, 235.68]",0.0555,-0.1526,0.001352,0.0186
mths_since_earliest_cr_line,"(235.68, 255.32]",0.0871,-0.1695,0.002633,0.0186
mths_since_earliest_cr_line,"(255.32, 274.96]",0.0952,-0.1188,0.001391,0.0186
mths_since_earliest_cr_line,"(274.96, 294.6]",0.1125,-0.0451,0.000232,0.0186
mths_since_earliest_cr_line,"(294.6, 314.24]",0.1115,0.0168,3.1e-05,0.0186
mths_since_earliest_cr_line,"(314.24, 333.88]",0.088,0.0494,0.000211,0.0186
mths_since_earliest_cr_line,"(333.88, 353.52]",0.0741,0.0504,0.000185,0.0186
mths_since_earliest_cr_line,"(353.52, 373.16]",0.0673,0.091,0.000542,0.0186
mths_since_earliest_cr_line,"(373.16, 392.8]",0.0533,0.1441,0.001059,0.0186
mths_since_earliest_cr_line,"(392.8, 412.44]",0.0358,0.1505,0.000775,0.0186
mths_since_earliest_cr_line,"(412.44, 432.08]",0.0333,0.2108,0.001387,0.0186
mths_since_earliest_cr_line,"(432.08, 451.72]",0.0279,0.1525,0.000619,0.0186
mths_since_earliest_cr_line,"(451.72, 471.36]",0.0235,0.1724,0.000663,0.0186
mths_since_earliest_cr_line,"(471.36, 491.0]",0.0184,0.2152,0.000798,0.0186
mths_since_earliest_cr_line,"(491.0, 510.64]",0.0146,0.2378,0.000768,0.0186
mths_since_earliest_cr_line,"(510.64, 530.28]",0.0105,0.2184,0.000468,0.0186
mths_since_earliest_cr_line,"(530.28, 549.92]",0.0065,0.2629,0.000412,0.0186
mths_since_earliest_cr_line,"(549.92, 569.56]",0.0064,0.22,0.000292,0.0186
mths_since_earliest_cr_line,"(569.56, 589.2]",0.0055,0.177,0.000163,0.0186
mths_since_earliest_cr_line,"(589.2, 608.84]",0.0034,0.2214,0.000157,0.0186
mths_since_earliest_cr_line,"(608.84, 628.48]",0.0027,0.1862,8.8e-05,0.0186
mths_since_earliest_cr_line,"(628.48, 648.12]",0.0023,0.121,3.2e-05,0.0186
mths_since_earliest_cr_line,"(648.12, 667.76]",0.0013,0.1163,1.7e-05,0.0186
mths_since_earliest_cr_line,"(667.76, 687.4]",0.0012,-0.0314,1e-06,0.0186
mths_since_earliest_cr_line,"(687.4, 707.04]",0.0009,-0.2451,5.9e-05,0.0186
mths_since_earliest_cr_line,"(707.04, 726.68]",0.0005,-0.2155,2.7e-05,0.0186
mths_since_earliest_cr_line,"(726.68, 746.32]",0.0004,-0.491,0.000112,0.0186
mths_since_earliest_cr_line,"(746.32, 765.96]",0.0002,-0.5607,7.6e-05,0.0186
mths_since_earliest_cr_line,"(765.96, 785.6]",0.0001,-0.1598,4e-06,0.0186
mths_since_earliest_cr_line,"(785.6, 805.24]",0.0001,-0.3451,1.5e-05,0.0186
mths_since_earliest_cr_line,"(805.24, 824.88]",0.0,-0.3032,3e-06,0.0186
mths_since_earliest_cr_line,"(824.88, 844.52]",0.0,0.1404,1e-06,0.0186
mths_since_earliest_cr_line,"(844.52, 864.16]",0.0,-0.3428,4e-06,0.0186
mths_since_earliest_cr_line,"(864.16, 883.8]",0.0,0.0665,0.0,0.0186
mths_since_earliest_cr_line,"(883.8, 903.44]",0.0,0.0304,0.0,0.0186
mths_since_earliest_cr_line,"(903.44, 923.08]",0.0,0.3775,2e-06,0.0186
mths_since_earliest_cr_line,"(923.08, 942.72]",0.0,0.2064,0.0,0.0186
mths_since_earliest_cr_line,"(942.72, 962.36]",0.0,0.2064,0.0,0.0186
mths_since_earliest_cr_line,"(962.36, 982.0]",0.0,-0.1802,0.0,0.0186
annual_inc,"(-160.0, 3200.0]",0.0,-0.6466,2.7e-05,0.0262
annual_inc,"(3200.0, 6400.0]",0.0001,0.0342,0.0,0.0262
annual_inc,"(6400.0, 9600.0]",0.0005,-0.2393,3.1e-05,0.0262
annual_inc,"(9600.0, 12800.0]",0.0019,-0.273,0.000155,0.0262
annual_inc,"(12800.0, 16000.0]",0.0043,-0.2417,0.000267,0.0262
annual_inc,"(16000.0, 19200.0]",0.0052,-0.2399,0.000323,0.0262
annual_inc,"(19200.0, 22400.0]",0.0104,-0.2021,0.000451,0.0262
annual_inc,"(22400.0, 25600.0]",0.0177,-0.2003,0.000752,0.0262
annual_inc,"(25600.0, 28800.0]",0.0164,-0.2218,0.00086,0.0262
annual_inc,"(28800.0, 32000.0]",0.0356,-0.1982,0.001482,0.0262
annual_inc,"(32000.0, 35200.0]",0.034,-0.1852,0.001232,0.0262
annual_inc,"(35200.0, 38400.0]",0.0306,-0.1776,0.001016,0.0262
annual_inc,"(38400.0, 41600.0]",0.0457,-0.1429,0.000973,0.0262
annual_inc,"(41600.0, 44800.0]",0.0337,-0.1415,0.000705,0.0262
annual_inc,"(44800.0, 48000.0]",0.0593,-0.1135,0.00079,0.0262
annual_inc,"(48000.0, 51200.0]",0.0534,-0.0851,0.000397,0.0262
annual_inc,"(51200.0, 54400.0]",0.0358,-0.0668,0.000163,0.0262
annual_inc,"(54400.0, 57600.0]",0.0452,-0.0755,0.000264,0.0262
annual_inc,"(57600.0, 60800.0]",0.0576,-0.0766,0.000346,0.0262
annual_inc,"(60800.0, 64000.0]",0.0296,0.0041,0.0,0.0262
annual_inc,"(64000.0, 67200.0]",0.0445,-0.0151,1e-05,0.0262
annual_inc,"(67200.0, 70400.0]",0.0451,0.0123,7e-06,0.0262
annual_inc,"(70400.0, 73600.0]",0.0239,0.0626,9.2e-05,0.0262
annual_inc,"(73600.0, 76800.0]",0.0383,0.0545,0.000112,0.0262
annual_inc,"(76800.0, 80000.0]",0.0431,0.0641,0.000174,0.0262
annual_inc,"(80000.0, 83200.0]",0.0154,0.1546,0.000351,0.0262
annual_inc,"(83200.0, 86400.0]",0.0299,0.0868,0.00022,0.0262
annual_inc,"(86400.0, 89600.0]",0.0129,0.1628,0.000326,0.0262
annual_inc,"(89600.0, 92800.0]",0.0302,0.1842,0.000969,0.0262
annual_inc,"(92800.0, 96000.0]",0.0229,0.1542,0.00052,0.0262
annual_inc,"(96000.0, 99200.0]",0.0109,0.2144,0.00047,0.0262
annual_inc,"(99200.0, 102400.0]",0.0276,0.2019,0.001059,0.0262
annual_inc,"(102400.0, 105600.0]",0.0141,0.2845,0.001047,0.0262
annual_inc,"(105600.0, 108800.0]",0.0075,0.3189,0.000695,0.0262
annual_inc,"(108800.0, 112000.0]",0.0185,0.2531,0.001096,0.0262
annual_inc,"(112000.0, 115200.0]",0.0095,0.3848,0.001251,0.0262
annual_inc,"(115200.0, 118400.0]",0.0046,0.2912,0.000356,0.0262
annual_inc,"(118400.0, 121600.0]",0.0179,0.2151,0.000775,0.0262
annual_inc,"(121600.0, 124800.0]",0.0034,0.3569,0.000388,0.0262
annual_inc,"(124800.0, 128000.0]",0.0115,0.2622,0.00073,0.0262
annual_inc,"(128000.0, 131200.0]",0.0093,0.3635,0.001098,0.0262
annual_inc,"(131200.0, 134400.0]",0.0024,0.451,0.000428,0.0262
annual_inc,"(134400.0, 137600.0]",0.0059,0.3882,0.000793,0.0262
annual_inc,"(137600.0, 140800.0]",0.0077,0.3145,0.000693,0.0262
annual_inc,"(140800.0, 144000.0]",0.0023,0.3137,0.000207,0.0262
annual_inc,"(144000.0, 147200.0]",0.0039,0.3534,0.000433,0.0262
annual_inc,"(147200.0, 150400.0]",0.0109,0.2753,0.000762,0.0262
annual_inc,"(150400.0, 153600.0]",0.0013,0.3301,0.00013,0.0262
annual_inc,"(153600.0, 156800.0]",0.0027,0.3653,0.000318,0.0262
annual_inc,"(156800.0, 160000.0]",0.0049,0.3123,0.000438,0.0262
dti,"(-1.04, -0.2]",0.0,0.109,0.0,0.0757
dti,"(-0.2, 0.6]",0.0023,0.4633,0.000428,0.0757
dti,"(0.6, 1.4]",0.0042,0.414,0.000634,0.0757
dti,"(1.4, 2.2]",0.0057,0.4038,0.000816,0.0757
dti,"(2.2, 3.0]",0.0076,0.4217,0.001189,0.0757
dti,"(3.0, 3.8]",0.0097,0.3682,0.00117,0.0757
dti,"(3.8, 4.6]",0.0119,0.4514,0.002099,0.0757
dti,"(4.6, 5.4]",0.0142,0.4005,0.002011,0.0757
dti,"(5.4, 6.2]",0.0166,0.3643,0.001964,0.0757
dti,"(6.2, 7.0]",0.0187,0.3987,0.002615,0.0757
dti,"(7.0, 7.8]",0.0212,0.3855,0.002785,0.0757
dti,"(7.8, 8.6]",0.0233,0.3501,0.00256,0.0757
dti,"(8.6, 9.4]",0.0254,0.3302,0.002498,0.0757
dti,"(9.4, 10.2]",0.0275,0.3216,0.002573,0.0757
dti,"(10.2, 11.0]",0.0297,0.2883,0.002254,0.0757
dti,"(11.0, 11.8]",0.0315,0.2612,0.001982,0.0757
dti,"(11.8, 12.6]",0.0326,0.247,0.001843,0.0757
dti,"(12.6, 13.4]",0.034,0.1943,0.001209,0.0757
dti,"(13.4, 14.2]",0.035,0.1744,0.001008,0.0757
dti,"(14.2, 15.0]",0.0358,0.1545,0.000814,0.0757
dti,"(15.0, 15.8]",0.0354,0.1106,0.000418,0.0757
dti,"(15.8, 16.6]",0.0353,0.0924,0.000293,0.0757
dti,"(16.6, 17.4]",0.0356,0.0652,0.000148,0.0757
dti,"(17.4, 18.2]",0.035,0.0474,7.8e-05,0.0757
dti,"(18.2, 19.0]",0.0346,-0.0034,0.0,0.0757
dti,"(19.0, 19.8]",0.0339,-0.0031,0.0,0.0757
dti,"(19.8, 20.6]",0.0325,-0.032,3.4e-05,0.0757
dti,"(20.6, 21.4]",0.0315,-0.0663,0.000142,0.0757
dti,"(21.4, 22.2]",0.0302,-0.0957,0.000285,0.0757
dti,"(22.2, 23.0]",0.0291,-0.1263,0.000481,0.0757
dti,"(23.0, 23.8]",0.0278,-0.1531,0.000681,0.0757
dti,"(23.8, 24.6]",0.0263,-0.1454,0.000582,0.0757
dti,"(24.6, 25.4]",0.0244,-0.203,0.001069,0.0757
dti,"(25.4, 26.2]",0.0227,-0.2503,0.00153,0.0757
dti,"(26.2, 27.0]",0.0215,-0.2699,0.0017,0.0757
dti,"(27.0, 27.8]",0.0199,-0.2974,0.001921,0.0757
dti,"(27.8, 28.6]",0.0191,-0.3057,0.001949,0.0757
dti,"(28.6, 29.4]",0.0176,-0.333,0.002149,0.0757
dti,"(29.4, 30.2]",0.0158,-0.3607,0.002283,0.0757
dti,"(30.2, 31.0]",0.0132,-0.4549,0.003122,0.0757
dti,"(31.0, 31.8]",0.0122,-0.4408,0.002699,0.0757
dti,"(31.8, 32.6]",0.0113,-0.4526,0.002647,0.0757
dti,"(32.6, 33.4]",0.0103,-0.4916,0.002864,0.0757
dti,"(33.4, 34.2]",0.0096,-0.4871,0.00262,0.0757
dti,"(34.2, 35.0]",0.0088,-0.6067,0.00385,0.0757
dti,"(35.0, 35.8]",0.0044,-0.5892,0.001794,0.0757
dti,"(35.8, 36.6]",0.0042,-0.6339,0.002021,0.0757
dti,"(36.6, 37.4]",0.0039,-0.7141,0.002421,0.0757
dti,"(37.4, 38.2]",0.0035,-0.6599,0.00184,0.0757
dti,"(38.2, 39.0]",0.0032,-0.6472,0.001602,0.0757
emp_length_int,0.0,0.1333,-0.1636,0.003747,0.005
emp_length_int,1.0,0.0658,-0.0254,4.3e-05,0.005
emp_length_int,2.0,0.0902,0.0217,4.2e-05,0.005
emp_length_int,3.0,0.0797,0.0101,8e-06,0.005
emp_length_int,4.0,0.0596,0.015,1.3e-05,0.005
emp_length_int,5.0,0.0628,0.0248,3.8e-05,0.005
emp_length_int,6.0,0.0473,0.0259,3.1e-05,0.005
emp_length_int,7.0,0.0464,0.0207,2e-05,0.005
emp_length_int,8.0,0.0484,-0.0121,7e-06,0.005
emp_length_int,9.0,0.0389,-0.0165,1.1e-05,0.005
emp_length_int,10.0,0.3276,0.0574,0.001059,0.005
installment,"(3.366, 36.214]",0.0031,0.5298,0.000737,0.0363
installment,"(36.214, 67.497]",0.0122,0.503,0.00263,0.0363
installment,"(67.497, 98.781]",0.02,0.3715,0.002455,0.0363
installment,"(98.781, 130.064]",0.0276,0.2957,0.002199,0.0363
installment,"(130.064, 161.348]",0.0375,0.3886,0.005016,0.0363
installment,"(161.348, 192.632]",0.0525,0.2222,0.002416,0.0363
installment,"(192.632, 223.915]",0.0497,0.2498,0.002871,0.0363
installment,"(223.915, 255.199]",0.0535,0.1364,0.000954,0.0363
installment,"(255.199, 286.482]",0.0613,-0.0862,0.000468,0.0363
installment,"(286.482, 317.766]",0.0614,0.0599,0.000216,0.0363
installment,"(317.766, 349.05]",0.0729,-0.0567,0.000238,0.0363
installment,"(349.05, 380.333]",0.0529,-0.1129,0.000698,0.0363
installment,"(380.333, 411.617]",0.0502,-0.0836,0.000359,0.0363
installment,"(411.617, 442.9]",0.0338,-0.1696,0.001024,0.0363
installment,"(442.9, 474.184]",0.0416,-0.0326,4.5e-05,0.0363
installment,"(474.184, 505.468]",0.0479,-0.0569,0.000158,0.0363
installment,"(505.468, 536.751]",0.0342,-0.2302,0.00194,0.0363
installment,"(536.751, 568.035]",0.0301,-0.236,0.001799,0.0363
installment,"(568.035, 599.318]",0.0255,-0.2744,0.002078,0.0363
installment,"(599.318, 630.602]",0.0284,0.1157,0.000367,0.0363
installment,"(630.602, 661.886]",0.0263,-0.006,1e-06,0.0363
installment,"(661.886, 693.169]",0.0254,-0.1505,0.000602,0.0363
installment,"(693.169, 724.453]",0.015,-0.2036,0.000661,0.0363
installment,"(724.453, 755.736]",0.0158,0.0825,0.000105,0.0363
installment,"(755.736, 787.02]",0.018,0.1057,0.000195,0.0363
installment,"(787.02, 818.304]",0.0129,-0.0959,0.000123,0.0363
installment,"(818.304, 849.587]",0.0118,-0.1054,0.000135,0.0363
installment,"(849.587, 880.871]",0.0134,-0.012,2e-06,0.0363
installment,"(880.871, 912.154]",0.0082,-0.4016,0.001484,0.0363
installment,"(912.154, 943.438]",0.0074,-0.0792,4.7e-05,0.0363
installment,"(943.438, 974.722]",0.0067,-0.2401,0.000414,0.0363
installment,"(974.722, 1006.005]",0.0058,-0.1876,0.000217,0.0363
installment,"(1006.005, 1037.289]",0.0048,-0.2634,0.00036,0.0363
installment,"(1037.289, 1068.572]",0.0035,-0.3268,0.000412,0.0363
installment,"(1068.572, 1099.856]",0.0053,0.2828,0.000387,0.0363
installment,"(1099.856, 1131.14]",0.0041,0.4473,0.000722,0.0363
installment,"(1131.14, 1162.423]",0.0038,0.2156,0.000165,0.0363
installment,"(1162.423, 1193.707]",0.0042,0.0719,2.1e-05,0.0363
installment,"(1193.707, 1224.99]",0.0043,0.0107,0.0,0.0363
installment,"(1224.99, 1256.274]",0.0025,-0.1454,5.6e-05,0.0363
installment,"(1256.274, 1287.558]",0.0025,-0.3625,0.000373,0.0363
installment,"(1287.558, 1318.841]",0.0009,-0.5464,0.000318,0.0363
installment,"(1318.841, 1350.125]",0.0005,-0.8057,0.000413,0.0363
installment,"(1350.125, 1381.408]",0.0003,-0.5984,0.000143,0.0363
installment,"(1381.408, 1412.692]",0.0002,-0.7839,0.000159,0.0363
installment,"(1412.692, 1443.976]",0.0001,-0.9077,6.4e-05,0.0363
installment,"(1443.976, 1475.259]",0.0,-0.4491,1.2e-05,0.0363
installment,"(1475.259, 1506.543]",0.0,-0.3586,3e-06,0.0363
installment,"(1506.543, 1537.826]",0.0,-0.3586,3e-06,0.0363
installment,"(1537.826, 1569.11]",0.0,-0.3866,2e-06,0.0363
total_rev_hi_lim,"(-9999.999, 5000.0]",0.0415,-0.0971,0.000403,0.0238
total_rev_hi_lim,"(5000.0, 9999.999]",0.1206,-0.0688,0.000583,0.0238
total_rev_hi_lim,"(9999.999, 14999.998]",0.1458,-0.084,0.001056,0.0238
total_rev_hi_lim,"(14999.998, 19999.998]",0.1341,-0.1048,0.001521,0.0238
total_rev_hi_lim,"(19999.998, 24999.997]",0.1112,-0.0821,0.000769,0.0238
total_rev_hi_lim,"(24999.997, 29999.997]",0.0893,-0.0506,0.000232,0.0238
total_rev_hi_lim,"(29999.997, 34999.996]",0.0695,-0.0173,2.1e-05,0.0238
total_rev_hi_lim,"(34999.996, 39999.996]",0.0558,0.0252,3.5e-05,0.0238
total_rev_hi_lim,"(39999.996, 44999.996]",0.0436,0.0925,0.000362,0.0238
total_rev_hi_lim,"(44999.996, 49999.995]",0.0348,0.104,0.000364,0.0238
total_rev_hi_lim,"(49999.995, 54999.994]",0.0277,0.1605,0.000679,0.0238
total_rev_hi_lim,"(54999.994, 59999.994]",0.0217,0.226,0.001034,0.0238
total_rev_hi_lim,"(59999.994, 64999.994]",0.0173,0.2577,0.001059,0.0238
total_rev_hi_lim,"(64999.994, 69999.993]",0.0141,0.2768,0.00099,0.0238
total_rev_hi_lim,"(69999.993, 74999.992]",0.0113,0.3607,0.001312,0.0238
total_rev_hi_lim,"(74999.992, 79999.992]",0.009,0.3352,0.000912,0.0238
total_rev_hi_lim,"(79999.992, 84999.992]",0.0074,0.4095,0.001094,0.0238
total_rev_hi_lim,"(84999.992, 89999.991]",0.0062,0.3996,0.000878,0.0238
total_rev_hi_lim,"(89999.991, 94999.99]",0.0051,0.4443,0.000872,0.0238
total_rev_hi_lim,"(94999.99, 99999.99]",0.0043,0.5424,0.001059,0.0238
total_rev_hi_lim,"(99999.99, 104999.99]",0.0036,0.5688,0.000986,0.0238
total_rev_hi_lim,"(104999.99, 109999.989]",0.0031,0.5205,0.000705,0.0238
total_rev_hi_lim,"(109999.989, 114999.988]",0.0026,0.4706,0.000499,0.0238
total_rev_hi_lim,"(114999.988, 119999.988]",0.0023,0.5688,0.000621,0.0238
total_rev_hi_lim,"(119999.988, 124999.988]",0.0018,0.6156,0.000566,0.0238
total_rev_hi_lim,"(124999.988, 129999.987]",0.0017,0.6051,0.000501,0.0238
total_rev_hi_lim,"(129999.987, 134999.986]",0.0014,0.649,0.000487,0.0238
total_rev_hi_lim,"(134999.986, 139999.986]",0.0012,0.6513,0.000415,0.0238
total_rev_hi_lim,"(139999.986, 144999.986]",0.0011,0.5794,0.000307,0.0238
total_rev_hi_lim,"(144999.986, 149999.985]",0.0009,0.5798,0.000263,0.0238
total_rev_hi_lim,"(149999.985, 154999.984]",0.0008,0.4281,0.000133,0.0238
total_rev_hi_lim,"(154999.984, 159999.984]",0.0008,0.569,0.000218,0.0238
total_rev_hi_lim,"(159999.984, 164999.984]",0.0007,0.4673,0.000132,0.0238
total_rev_hi_lim,"(164999.984, 169999.983]",0.0006,0.6335,0.000209,0.0238
total_rev_hi_lim,"(169999.983, 174999.982]",0.0005,0.4326,9e-05,0.0238
total_rev_hi_lim,"(174999.982, 179999.982]",0.0005,0.6123,0.000152,0.0238
total_rev_hi_lim,"(179999.982, 184999.982]",0.0004,0.7221,0.000188,0.0238
total_rev_hi_lim,"(184999.982, 189999.981]",0.0004,0.5052,9e-05,0.0238
total_rev_hi_lim,"(189999.981, 194999.98]",0.0003,1.0737,0.000274,0.0238
total_rev_hi_lim,"(194999.98, 199999.98]",0.0003,0.6336,0.000101,0.0238
total_rev_hi_lim,"(199999.98, 204999.98]",0.0003,0.641,0.000106,0.0238
total_rev_hi_lim,"(204999.98, 209999.979]",0.0003,0.677,0.000115,0.0238
total_rev_hi_lim,"(209999.979, 214999.978]",0.0003,0.7199,0.000108,0.0238
total_rev_hi_lim,"(214999.978, 219999.978]",0.0002,0.7608,0.000115,0.0238
total_rev_hi_lim,"(219999.978, 224999.978]",0.0002,0.3464,2.6e-05,0.0238
total_rev_hi_lim,"(224999.978, 229999.977]",0.0002,0.7159,8.2e-05,0.0238
total_rev_hi_lim,"(229999.977, 234999.976]",0.0002,0.7619,9.9e-05,0.0238
total_rev_hi_lim,"(234999.976, 239999.976]",0.0002,0.2016,7e-06,0.0238
total_rev_hi_lim,"(239999.976, 244999.976]",0.0001,0.3973,2.2e-05,0.0238
total_rev_hi_lim,"(244999.976, 249999.975]",0.0001,0.4815,2.5e-05,0.0238
total_rev_hi_lim,"(249999.975, 254999.974]",0.0001,0.6067,3.9e-05,0.0238
total_rev_hi_lim,"(254999.974, 259999.974]",0.0001,0.1955,5e-06,0.0238
total_rev_hi_lim,"(259999.974, 264999.974]",0.0001,0.7497,6e-05,0.0238
total_rev_hi_lim,"(264999.974, 269999.973]",0.0001,0.7555,5.7e-05,0.0238
total_rev_hi_lim,"(269999.973, 274999.972]",0.0001,0.8208,6.5e-05,0.0238
total_rev_hi_lim,"(274999.972, 279999.972]",0.0001,0.8628,5.6e-05,0.0238
total_rev_hi_lim,"(279999.972, 284999.972]",0.0001,0.3675,1.4e-05,0.0238
total_rev_hi_lim,"(284999.972, 289999.971]",0.0001,0.8465,5.9e-05,0.0238
total_rev_hi_lim,"(289999.971, 294999.97]",0.0001,0.7217,3.6e-05,0.0238
total_rev_hi_lim,"(294999.97, 299999.97]",0.0001,0.5529,2.3e-05,0.0238
total_rev_hi_lim,"(299999.97, 304999.97]",0.0001,0.6739,3.1e-05,0.0238
total_rev_hi_lim,"(304999.97, 309999.969]",0.0001,0.5151,1.7e-05,0.0238
total_rev_hi_lim,"(309999.969, 314999.968]",0.0001,0.6237,2.6e-05,0.0238
total_rev_hi_lim,"(314999.968, 319999.968]",0.0001,0.7208,2.9e-05,0.0238
total_rev_hi_lim,"(319999.968, 324999.967]",0.0001,0.4972,1.4e-05,0.0238
total_rev_hi_lim,"(324999.967, 329999.967]",0.0001,0.3247,8e-06,0.0238
total_rev_hi_lim,"(329999.967, 334999.966]",0.0001,0.4251,1.1e-05,0.0238
total_rev_hi_lim,"(334999.966, 339999.966]",0.0001,0.6295,2.1e-05,0.0238
total_rev_hi_lim,"(339999.966, 344999.966]",0.0,0.5681,1.5e-05,0.0238
total_rev_hi_lim,"(344999.966, 349999.965]",0.0,0.1148,1e-06,0.0238
total_rev_hi_lim,"(349999.965, 354999.964]",0.0,0.3205,5e-06,0.0238
total_rev_hi_lim,"(354999.964, 359999.964]",0.0,0.7962,2.3e-05,0.0238
total_rev_hi_lim,"(359999.964, 364999.964]",0.0,0.5283,1.1e-05,0.0238
total_rev_hi_lim,"(364999.964, 369999.963]",0.0,1.0778,3.1e-05,0.0238
total_rev_hi_lim,"(369999.963, 374999.962]",0.0,1.2022,4.1e-05,0.0238
total_rev_hi_lim,"(374999.962, 379999.962]",0.0,0.7067,1.8e-05,0.0238
total_rev_hi_lim,"(379999.962, 384999.962]",0.0,0.7168,1.5e-05,0.0238
total_rev_hi_lim,"(384999.962, 389999.961]",0.0,0.9949,2.5e-05,0.0238
total_rev_hi_lim,"(389999.961, 394999.96]",0.0,0.3097,3e-06,0.0238
total_rev_hi_lim,"(394999.96, 399999.96]",0.0,0.2375,2e-06,0.0238
total_rev_hi_lim,"(399999.96, 404999.96]",0.0,0.6949,1e-05,0.0238
total_rev_hi_lim,"(404999.96, 409999.959]",0.0,0.6875,1.3e-05,0.0238
total_rev_hi_lim,"(409999.959, 414999.958]",0.0,0.5613,8e-06,0.0238
total_rev_hi_lim,"(414999.958, 419999.958]",0.0,-0.2995,3e-06,0.0238
total_rev_hi_lim,"(419999.958, 424999.958]",0.0,0.1312,1e-06,0.0238
total_rev_hi_lim,"(424999.958, 429999.957]",0.0,0.4549,5e-06,0.0238
total_rev_hi_lim,"(429999.957, 434999.956]",0.0,0.6139,8e-06,0.0238
total_rev_hi_lim,"(434999.956, 439999.956]",0.0,0.4549,5e-06,0.0238
total_rev_hi_lim,"(439999.956, 444999.956]",0.0,0.2743,2e-06,0.0238
total_rev_hi_lim,"(444999.956, 449999.955]",0.0,0.0991,0.0,0.0238
total_rev_hi_lim,"(449999.955, 454999.954]",0.0,0.9575,1.5e-05,0.0238
total_rev_hi_lim,"(454999.954, 459999.954]",0.0,0.709,7e-06,0.0238
total_rev_hi_lim,"(459999.954, 464999.954]",0.0,0.3772,3e-06,0.0238
total_rev_hi_lim,"(464999.954, 469999.953]",0.0,0.1184,0.0,0.0238
total_rev_hi_lim,"(469999.953, 474999.952]",0.0,0.8653,1.2e-05,0.0238
total_rev_hi_lim,"(474999.952, 479999.952]",0.0,0.2642,1e-06,0.0238
total_rev_hi_lim,"(479999.952, 484999.951]",0.0,0.5892,5e-06,0.0238
total_rev_hi_lim,"(484999.951, 489999.951]",0.0,0.0442,0.0,0.0238
total_rev_hi_lim,"(489999.951, 494999.95]",0.0,-0.1413,0.0,0.0238
total_rev_hi_lim,"(494999.95, 499999.95]",0.0,0.0665,0.0,0.0238
total_rev_hi_lim,"(499999.95, 504999.95]",0.0,0.5892,5e-06,0.0238
total_rev_hi_lim,"(504999.95, 509999.949]",0.0,0.3775,2e-06,0.0238
total_rev_hi_lim,"(509999.949, 514999.948]",0.0,-0.478,7e-06,0.0238
total_rev_hi_lim,"(514999.948, 519999.948]",0.0,0.2026,1e-06,0.0238
total_rev_hi_lim,"(519999.948, 524999.948]",0.0,0.1369,0.0,0.0238
total_rev_hi_lim,"(524999.948, 529999.947]",0.0,0.0991,0.0,0.0238
total_rev_hi_lim,"(529999.947, 534999.946]",0.0,0.5235,4e-06,0.0238
total_rev_hi_lim,"(534999.946, 539999.946]",0.0,-0.0755,0.0,0.0238
total_rev_hi_lim,"(539999.946, 544999.946]",0.0,-0.2312,1e-06,0.0238
total_rev_hi_lim,"(544999.946, 549999.945]",0.0,0.0665,0.0,0.0238
total_rev_hi_lim,"(549999.945, 554999.944]",0.0,-0.091,0.0,0.0238
total_rev_hi_lim,"(554999.944, 559999.944]",0.0,0.5892,5e-06,0.0238
total_rev_hi_lim,"(559999.944, 564999.943]",0.0,0.1369,0.0,0.0238
total_rev_hi_lim,"(564999.943, 569999.943]",0.0,0.2026,1e-06,0.0238
total_rev_hi_lim,"(569999.943, 574999.942]",0.0,0.4531,3e-06,0.0238
total_rev_hi_lim,"(574999.942, 579999.942]",0.0,-0.7736,1e-05,0.0238
total_rev_hi_lim,"(579999.942, 584999.942]",0.0,0.2064,0.0,0.0238
total_rev_hi_lim,"(584999.942, 589999.941]",0.0,0.0665,0.0,0.0238
total_rev_hi_lim,"(589999.941, 594999.94]",0.0,0.1369,0.0,0.0238
total_rev_hi_lim,"(594999.94, 599999.94]",0.0,-0.3866,2e-06,0.0238
total_rev_hi_lim,"(599999.94, 604999.94]",0.0,0.5235,4e-06,0.0238
total_rev_hi_lim,"(604999.94, 609999.939]",0.0,0.2642,1e-06,0.0238
total_rev_hi_lim,"(609999.939, 614999.938]",0.0,0.1085,0.0,0.0238
total_rev_hi_lim,"(614999.938, 619999.938]",0.0,-0.0091,0.0,0.0238
total_rev_hi_lim,"(619999.938, 624999.938]",0.0,0.3775,2e-06,0.0238
total_rev_hi_lim,"(624999.938, 629999.937]",0.0,0.1369,0.0,0.0238
total_rev_hi_lim,"(629999.937, 634999.936]",0.0,0.4531,3e-06,0.0238
total_rev_hi_lim,"(634999.936, 639999.936]",0.0,0.2064,0.0,0.0238
total_rev_hi_lim,"(639999.936, 644999.936]",0.0,0.3775,2e-06,0.0238
total_rev_hi_lim,"(644999.936, 649999.935]",0.0,0.5235,4e-06,0.0238
total_rev_hi_lim,"(649999.935, 654999.934]",0.0,0.0665,0.0,0.0238
total_rev_hi_lim,"(654999.934, 659999.934]",0.0,0.2956,1e-06,0.0238
total_rev_hi_lim,"(659999.934, 664999.934]",0.0,-0.3866,2e-06,0.0238
total_rev_hi_lim,"(664999.934, 669999.933]",0.0,-0.3866,2e-06,0.0238
total_rev_hi_lim,"(669999.933, 674999.932]",0.0,-0.091,0.0,0.0238
total_rev_hi_lim,"(674999.932, 679999.932]",0.0,0.2026,1e-06,0.0238
total_rev_hi_lim,"(679999.932, 684999.932]",0.0,0.3775,2e-06,0.0238
total_rev_hi_lim,"(684999.932, 689999.931]",0.0,-0.2781,1e-06,0.0238
total_rev_hi_lim,"(689999.931, 694999.93]",0.0,0.2064,0.0,0.0238
total_rev_hi_lim,"(694999.93, 699999.93]",0.0,0.1085,0.0,0.0238
total_rev_hi_lim,"(699999.93, 704999.93]",0.0,0.1085,0.0,0.0238
total_rev_hi_lim,"(709999.929, 714999.928]",0.0,0.1085,0.0,0.0238
total_rev_hi_lim,"(714999.928, 719999.928]",0.0,0.2064,0.0,0.0238
total_rev_hi_lim,"(719999.928, 724999.928]",0.0,0.2956,1e-06,0.0238
total_rev_hi_lim,"(724999.928, 729999.927]",0.0,0.1085,0.0,0.0238
total_rev_hi_lim,"(729999.927, 734999.926]",0.0,-0.1802,0.0,0.0238
total_rev_hi_lim,"(734999.926, 739999.926]",0.0,0.1085,0.0,0.0238
total_rev_hi_lim,"(739999.926, 744999.926]",0.0,0.2064,0.0,0.0238
total_rev_hi_lim,"(744999.926, 749999.925]",0.0,0.2064,0.0,0.0238
total_rev_hi_lim,"(749999.925, 754999.924]",0.0,0.1085,0.0,0.0238
total_rev_hi_lim,"(754999.924, 759999.924]",0.0,0.2064,0.0,0.0238
total_rev_hi_lim,"(764999.924, 769999.923]",0.0,0.1085,0.0,0.0238
total_rev_hi_lim,"(774999.922, 779999.922]",0.0,0.2064,0.0,0.0238
total_rev_hi_lim,"(789999.921, 794999.92]",0.0,0.1085,0.0,0.0238
total_rev_hi_lim,"(794999.92, 799999.92]",0.0,0.1085,0.0,0.0238
total_rev_hi_lim,"(799999.92, 804999.92]",0.0,0.2064,0.0,0.0238
total_rev_hi_lim,"(809999.919, 814999.918]",0.0,-0.2781,1e-06,0.0238
total_rev_hi_lim,"(819999.918, 824999.918]",0.0,0.1085,0.0,0.0238
total_rev_hi_lim,"(824999.918, 829999.917]",0.0,0.1085,0.0,0.0238
total_rev_hi_lim,"(844999.916, 849999.915]",0.0,-0.2781,1e-06,0.0238
total_rev_hi_lim,"(859999.914, 864999.914]",0.0,0.1085,0.0,0.0238
total_rev_hi_lim,"(864999.914, 869999.913]",0.0,0.2064,0.0,0.0238
total_rev_hi_lim,"(884999.911, 889999.911]",0.0,0.1085,0.0,0.0238
total_rev_hi_lim,"(894999.91, 899999.91]",0.0,0.1085,0.0,0.0238
total_rev_hi_lim,"(899999.91, 904999.91]",0.0,0.1085,0.0,0.0238
total_rev_hi_lim,"(909999.909, 914999.908]",0.0,0.1085,0.0,0.0238
total_rev_hi_lim,"(914999.908, 919999.908]",0.0,0.1085,0.0,0.0238
total_rev_hi_lim,"(929999.907, 934999.906]",0.0,0.1085,0.0,0.0238
total_rev_hi_lim,"(934999.906, 939999.906]",0.0,0.1085,0.0,0.0238
total_rev_hi_lim,"(939999.906, 944999.906]",0.0,-0.3866,2e-06,0.0238
total_rev_hi_lim,"(984999.902, 989999.901]",0.0,0.1085,0.0,0.0238
total_rev_hi_lim,"(1004999.9, 1009999.899]",0.0,0.1085,0.0,0.0238
total_rev_hi_lim,"(1009999.899, 1014999.898]",0.0,-0.3866,2e-06,0.0238
total_rev_hi_lim,"(1029999.897, 1034999.896]",0.0,0.2956,1e-06,0.0238
total_rev_hi_lim,"(1034999.896, 1039999.896]",0.0,-0.3866,2e-06,0.0238
total_rev_hi_lim,"(1044999.896, 1049999.895]",0.0,0.1085,0.0,0.0238
total_rev_hi_lim,"(1054999.894, 1059999.894]",0.0,0.1085,0.0,0.0238
total_rev_hi_lim,"(1059999.894, 1064999.894]",0.0,-0.3866,2e-06,0.0238
total_rev_hi_lim,"(1064999.894, 1069999.893]",0.0,0.1085,0.0,0.0238
total_rev_hi_lim,"(1069999.893, 1074999.892]",0.0,0.1085,0.0,0.0238
total_rev_hi_lim,"(1074999.892, 1079999.892]",0.0,0.1085,0.0,0.0238
total_rev_hi_lim,"(1079999.892, 1084999.892]",0.0,0.1085,0.0,0.0238
total_rev_hi_lim,"(1089999.891, 1094999.89]",0.0,-0.3866,2e-06,0.0238
total_rev_hi_lim,"(1114999.888, 1119999.888]",0.0,0.2064,0.0,0.0238
total_rev_hi_lim,"(1124999.888, 1129999.887]",0.0,0.1085,0.0,0.0238
total_rev_hi_lim,"(1164999.884, 1169999.883]",0.0,0.1085,0.0,0.0238
total_rev_hi_lim,"(1179999.882, 1184999.882]",0.0,0.1085,0.0,0.0238
total_rev_hi_lim,"(1309999.869, 1314999.868]",0.0,0.1085,0.0,0.0238
total_rev_hi_lim,"(1504999.85, 1509999.849]",0.0,0.1085,0.0,0.0238
total_rev_hi_lim,"(1624999.838, 1629999.837]",0.0,0.1085,0.0,0.0238
total_rev_hi_lim,"(1994999.8, 1999999.8]",0.0,-0.3866,2e-06,0.0238
total_rev_hi_lim,"(2009999.799, 2014999.798]",0.0,0.1085,0.0,0.0238
total_rev_hi_lim,"(9994999.0, 9999999.0]",0.0,0.2956,1e-06,0.0238
home_ownership,ANY,0.0,-0.2312,1e-06,0.0256
home_ownership,RENT,0.4027,-0.1734,0.012756,0.0256
home_ownership,OTHER,0.0002,-0.0783,1e-06,0.0256
home_ownership,OWN,0.104,-0.035,0.000129,0.0256
home_ownership,MORTGAGE,0.4931,0.1648,0.012731,0.0256
home_ownership,NONE,0.0,0.1969,2e-06,0.0256
total_acc,0.0,0.0,0.4994,8e-06,0.0014
total_acc,1.0,0.0,0.0209,0.0,0.0014
total_acc,2.0,0.0001,-0.3557,2e-05,0.0014
total_acc,3.0,0.0007,-0.1095,8e-06,0.0014
total_acc,4.0,0.0033,-0.0016,0.0,0.0014
total_acc,5.0,0.0055,0.022,3e-06,0.0014
total_acc,6.0,0.008,0.0372,1.1e-05,0.0014
total_acc,7.0,0.0111,0.0025,0.0,0.0014
total_acc,8.0,0.0141,-0.0319,1.4e-05,0.0014
total_acc,9.0,0.0171,-0.0466,3.8e-05,0.0014
total_acc,10.0,0.0202,-0.0202,8e-06,0.0014
total_acc,11.0,0.023,-0.02,9e-06,0.0014
total_acc,12.0,0.0255,-0.0403,4.2e-05,0.0014
total_acc,13.0,0.0283,-0.0543,8.5e-05,0.0014
total_acc,14.0,0.03,-0.0341,3.5e-05,0.0014
total_acc,15.0,0.0317,-0.0308,3e-05,0.0014
total_acc,16.0,0.0332,-0.024,1.9e-05,0.0014
total_acc,17.0,0.0348,0.0063,1e-06,0.0014
total_acc,18.0,0.035,-0.0026,0.0,0.0014
total_acc,19.0,0.0356,-0.018,1.2e-05,0.0014
total_acc,20.0,0.0361,0.0082,2e-06,0.0014
total_acc,21.0,0.0361,-0.0009,0.0,0.0014
total_acc,22.0,0.036,0.0194,1.3e-05,0.0014
total_acc,23.0,0.0353,0.027,2.6e-05,0.0014
total_acc,24.0,0.0345,0.0082,2e-06,0.0014
total_acc,25.0,0.0334,-0.0024,0.0,0.0014
total_acc,26.0,0.0322,0.0316,3.2e-05,0.0014
total_acc,27.0,0.0308,0.0088,2e-06,0.0014
total_acc,28.0,0.029,0.0333,3.2e-05,0.0014
total_acc,29.0,0.0277,0.0173,8e-06,0.0014
total_acc,30.0,0.0263,0.0485,6.1e-05,0.0014
total_acc,31.0,0.0245,0.0239,1.4e-05,0.0014
total_acc,32.0,0.0233,0.0358,3e-05,0.0014
total_acc,33.0,0.0213,0.0191,8e-06,0.0014
total_acc,34.0,0.0199,0.0396,3.1e-05,0.0014
total_acc,35.0,0.0184,0.0337,2.1e-05,0.0014
total_acc,36.0,0.0171,0.0186,6e-06,0.0014
total_acc,37.0,0.0158,0.0487,3.7e-05,0.0014
total_acc,38.0,0.0141,0.019,5e-06,0.0014
total_acc,39.0,0.0132,0.0439,2.5e-05,0.0014
total_acc,40.0,0.0119,-0.029,1e-05,0.0014
total_acc,41.0,0.0109,-0.0039,0.0,0.0014
total_acc,42.0,0.0099,0.0239,6e-06,0.0014
total_acc,43.0,0.0089,0.0242,5e-06,0.0014
total_acc,44.0,0.0082,-0.0254,5e-06,0.0014
total_acc,45.0,0.0073,-0.0313,7e-06,0.0014
total_acc,46.0,0.0065,-0.0482,1.5e-05,0.0014
total_acc,47.0,0.006,-0.0003,0.0,0.0014
total_acc,48.0,0.0054,-0.0123,1e-06,0.0014
total_acc,49.0,0.0047,-0.005,0.0,0.0014
total_acc,50.0,0.0043,-0.018,1e-06,0.0014
total_acc,51.0,0.0038,-0.0626,1.5e-05,0.0014
total_acc,52.0,0.0033,0.0066,0.0,0.0014
total_acc,53.0,0.003,0.0062,0.0,0.0014
total_acc,54.0,0.0027,-0.0287,2e-06,0.0014
total_acc,55.0,0.0023,-0.0053,0.0,0.0014
total_acc,56.0,0.0021,-0.0111,0.0,0.0014
total_acc,57.0,0.0018,-0.1427,3.8e-05,0.0014
total_acc,58.0,0.0017,-0.0881,1.4e-05,0.0014
total_acc,59.0,0.0015,-0.0952,1.4e-05,0.0014
total_acc,60.0,0.0013,-0.2256,7.3e-05,0.0014
total_acc,61.0,0.0013,-0.0547,4e-06,0.0014
total_acc,62.0,0.0012,0.0208,1e-06,0.0014
total_acc,63.0,0.0019,0.046,4e-06,0.0014
total_acc,64.0,0.0007,-0.1935,2.7e-05,0.0014
total_acc,65.0,0.0006,-0.1166,8e-06,0.0014
total_acc,66.0,0.0005,-0.2046,2.2e-05,0.0014
total_acc,67.0,0.0004,-0.2227,2.4e-05,0.0014
total_acc,68.0,0.0004,0.0537,1e-06,0.0014
total_acc,69.0,0.0003,-0.3013,3.5e-05,0.0014
total_acc,70.0,0.0003,-0.3111,3.3e-05,0.0014
total_acc,71.0,0.0003,-0.2006,1.1e-05,0.0014
total_acc,72.0,0.0002,-0.3743,3.5e-05,0.0014
total_acc,73.0,0.0002,-0.0121,0.0,0.0014
total_acc,74.0,0.0002,-0.4438,4.7e-05,0.0014
total_acc,75.0,0.0002,-0.286,1.6e-05,0.0014
total_acc,76.0,0.0001,-0.4949,4e-05,0.0014
total_acc,77.0,0.0001,0.1703,4e-06,0.0014
total_acc,78.0,0.0001,-0.0511,0.0,0.0014
total_acc,79.0,0.0001,-0.466,2.9e-05,0.0014
total_acc,80.0,0.0001,-0.3494,1.3e-05,0.0014
total_acc,81.0,0.0001,-0.2266,6e-06,0.0014
total_acc,82.0,0.0001,-0.4904,1.8e-05,0.0014
total_acc,83.0,0.0001,-0.1382,2e-06,0.0014
total_acc,84.0,0.0001,-0.0422,0.0,0.0014
total_acc,85.0,0.0001,-0.0563,0.0,0.0014
total_acc,86.0,0.0,-0.1665,2e-06,0.0014
total_acc,87.0,0.0,-0.1561,2e-06,0.0014
total_acc,88.0,0.0,0.3041,4e-06,0.0014
total_acc,89.0,0.0,-0.4491,1.2e-05,0.0014
total_acc,90.0,0.0,0.1413,1e-06,0.0014
total_acc,91.0,0.0,0.0665,0.0,0.0014
total_acc,92.0,0.0,-0.3667,6e-06,0.0014
total_acc,93.0,0.0,-0.5876,1.5e-05,0.0014
total_acc,94.0,0.0,-0.3781,5e-06,0.0014
total_acc,95.0,0.0,-0.459,7e-06,0.0014
total_acc,96.0,0.0,-0.1701,1e-06,0.0014
total_acc,97.0,0.0,-0.503,7e-06,0.0014
total_acc,98.0,0.0,-0.7588,1.4e-05,0.0014
total_acc,99.0,0.0,-0.2967,2e-06,0.0014
total_acc,100.0,0.0,-0.5865,6e-06,0.0014
total_acc,101.0,0.0,-0.4714,5e-06,0.0014
total_acc,102.0,0.0,0.5258,5e-06,0.0014
total_acc,103.0,0.0,-0.1802,0.0,0.0014
total_acc,104.0,0.0,0.4531,3e-06,0.0014
total_acc,105.0,0.0,0.1511,0.0,0.0014
total_acc,106.0,0.0,-0.3691,2e-06,0.0014
total_acc,107.0,0.0,0.2026,1e-06,0.0014
total_acc,108.0,0.0,-0.5562,5e-06,0.0014
total_acc,109.0,0.0,-0.3691,2e-06,0.0014
total_acc,110.0,0.0,-0.5562,5e-06,0.0014
total_acc,111.0,0.0,-0.3691,2e-06,0.0014
total_acc,112.0,0.0,-0.091,0.0,0.0014
total_acc,113.0,0.0,-0.4583,3e-06,0.0014
total_acc,114.0,0.0,-0.2781,1e-06,0.0014
total_acc,115.0,0.0,0.1085,0.0,0.0014
total_acc,116.0,0.0,0.2956,1e-06,0.0014
total_acc,117.0,0.0,0.1085,0.0,0.0014
total_acc,118.0,0.0,-0.2781,1e-06,0.0014
total_acc,119.0,0.0,-0.2781,1e-06,0.0014
total_acc,120.0,0.0,0.1085,0.0,0.0014
total_acc,121.0,0.0,0.1085,0.0,0.0014
total_acc,124.0,0.0,-0.1802,0.0,0.0014
total_acc,125.0,0.0,0.1085,0.0,0.0014
total_acc,126.0,0.0,0.2064,0.0,0.0014
total_acc,129.0,0.0,0.1085,0.0,0.0014
total_acc,130.0,0.0,0.1085,0.0,0.0014
total_acc,133.0,0.0,0.1085,0.0,0.0014
total_acc,135.0,0.0,0.1085,0.0,0.0014
total_acc,137.0,0.0,-0.2781,1e-06,0.0014
total_acc,138.0,0.0,0.1085,0.0,0.0014
total_acc,140.0,0.0,0.1085,0.0,0.0014
total_acc,144.0,0.0,-0.3866,2e-06,0.0014
total_acc,146.0,0.0,0.1085,0.0,0.0014
total_acc,150.0,0.0,0.1085,0.0,0.0014
total_acc,151.0,0.0,-0.3866,2e-06,0.0014
total_acc,156.0,0.0,0.1085,0.0,0.0014
total_acc,162.0,0.0,0.1085,0.0,0.0014
total_acc,169.0,0.0,-0.3866,2e-06,0.0014
total_acc,173.0,0.0,-0.3866,2e-06,0.0014
total_acc,176.0,0.0,-0.3866,2e-06,0.0014
open_acc,0.0,0.0,0.0048,0.0,0.0083
open_acc,1.0,0.0003,0.2309,1.4e-05,0.0083
open_acc,2.0,0.0032,0.1251,4.8e-05,0.0083
open_acc,3.0,0.0112,0.1854,0.000364,0.0083
open_acc,4.0,0.0267,0.1569,0.000626,0.0083
open_acc,5.0,0.0453,0.1516,0.000993,0.0083
open_acc,6.0,0.0632,0.1127,0.000776,0.0083
open_acc,7.0,0.0767,0.0836,0.000522,0.0083
open_acc,8.0,0.0858,0.0692,0.000402,0.0083
open_acc,9.0,0.0897,0.0326,9.4e-05,0.0083
open_acc,10.0,0.0875,0.0116,1.2e-05,0.0083
open_acc,11.0,0.0806,-0.0168,2.3e-05,0.0083
open_acc,12.0,0.0723,-0.0299,6.5e-05,0.0083
open_acc,13.0,0.0631,-0.0354,8e-05,0.0083
open_acc,14.0,0.0535,-0.0482,0.000126,0.0083
open_acc,15.0,0.0447,-0.062,0.000175,0.0083
open_acc,16.0,0.0376,-0.069,0.000183,0.0083
open_acc,17.0,0.0309,-0.0705,0.000157,0.0083
open_acc,18.0,0.0253,-0.0862,0.000193,0.0083
open_acc,19.0,0.0207,-0.0976,0.000204,0.0083
open_acc,20.0,0.0165,-0.1237,0.000263,0.0083
open_acc,21.0,0.0132,-0.1108,0.000168,0.0083
open_acc,22.0,0.0108,-0.1349,0.000204,0.0083
open_acc,23.0,0.0086,-0.1776,0.000285,0.0083
open_acc,24.0,0.0069,-0.1703,0.00021,0.0083
open_acc,25.0,0.0054,-0.1892,0.000206,0.0083
open_acc,26.0,0.0041,-0.2197,0.00021,0.0083
open_acc,27.0,0.0033,-0.241,0.000209,0.0083
open_acc,28.0,0.0026,-0.2567,0.000183,0.0083
open_acc,29.0,0.0021,-0.3043,0.000209,0.0083
open_acc,30.0,0.0016,-0.2615,0.000121,0.0083
open_acc,31.0,0.0013,-0.2698,0.000101,0.0083
open_acc,32.0,0.0011,-0.2399,6.7e-05,0.0083
open_acc,33.0,0.0009,-0.3146,0.0001,0.0083
open_acc,34.0,0.0007,-0.4416,0.000149,0.0083
open_acc,35.0,0.0005,-0.309,5.8e-05,0.0083
open_acc,36.0,0.0004,-0.31,4.7e-05,0.0083
open_acc,37.0,0.0003,-0.2624,2.6e-05,0.0083
open_acc,38.0,0.0003,-0.4619,7.7e-05,0.0083
open_acc,39.0,0.0002,-0.3051,2.6e-05,0.0083
open_acc,40.0,0.0002,-0.4313,3.6e-05,0.0083
open_acc,41.0,0.0002,-0.2854,1.5e-05,0.0083
open_acc,42.0,0.0001,-0.6422,7.3e-05,0.0083
open_acc,43.0,0.0001,-0.5828,4.3e-05,0.0083
open_acc,44.0,0.0001,-0.8117,6.8e-05,0.0083
open_acc,45.0,0.0001,-0.0754,0.0,0.0083
open_acc,46.0,0.0001,-0.0069,0.0,0.0083
open_acc,47.0,0.0,-0.2823,4e-06,0.0083
open_acc,48.0,0.0,-0.3667,6e-06,0.0083
open_acc,49.0,0.0,-0.5179,1.2e-05,0.0083
open_acc,50.0,0.0,-0.5631,1.2e-05,0.0083
open_acc,51.0,0.0,-0.5021,9e-06,0.0083
open_acc,52.0,0.0,-0.9108,3.4e-05,0.0083
open_acc,53.0,0.0,-0.4309,6e-06,0.0083
open_acc,54.0,0.0,0.3772,3e-06,0.0083
open_acc,55.0,0.0,0.6509,6e-06,0.0083
open_acc,56.0,0.0,0.6509,6e-06,0.0083
open_acc,57.0,0.0,-0.6757,8e-06,0.0083
open_acc,58.0,0.0,-0.1413,0.0,0.0083
open_acc,59.0,0.0,-0.3691,2e-06,0.0083
open_acc,60.0,0.0,-0.3691,2e-06,0.0083
open_acc,61.0,0.0,-0.2873,1e-06,0.0083
open_acc,62.0,0.0,0.2064,0.0,0.0083
open_acc,63.0,0.0,0.2064,0.0,0.0083
open_acc,64.0,0.0,0.1085,0.0,0.0083
open_acc,65.0,0.0,0.2064,0.0,0.0083
open_acc,66.0,0.0,0.1085,0.0,0.0083
open_acc,67.0,0.0,-0.3866,2e-06,0.0083
open_acc,68.0,0.0,-0.3866,2e-06,0.0083
open_acc,70.0,0.0,0.1085,0.0,0.0083
open_acc,71.0,0.0,0.1085,0.0,0.0083
open_acc,74.0,0.0,-0.2781,1e-06,0.0083
open_acc,75.0,0.0,-0.3866,2e-06,0.0083
open_acc,76.0,0.0,-0.6647,6e-06,0.0083
open_acc,77.0,0.0,0.1085,0.0,0.0083
open_acc,79.0,0.0,0.1085,0.0,0.0083
open_acc,80.0,0.0,0.1085,0.0,0.0083
open_acc,81.0,0.0,0.1085,0.0,0.0083
open_acc,82.0,0.0,0.1085,0.0,0.0083
open_acc,84.0,0.0,0.1085,0.0,0.0083
open_acc,90.0,0.0,0.1085,0.0,0.0083
int_rate,"(5.294, 5.833]",0.0213,1.9109,0.041665,0.4753
int_rate,"(5.833, 6.347]",0.0194,1.9878,0.039961,0.4753
int_rate,"(6.347, 6.86]",0.0199,1.555,0.028924,0.4753
int_rate,"(6.86, 7.374]",0.0316,1.392,0.038715,0.4753
int_rate,"(7.374, 7.887]",0.0246,1.2286,0.024805,0.4753
int_rate,"(7.887, 8.4]",0.0686,0.9142,0.042592,0.4753
int_rate,"(8.4, 8.914]",0.0188,0.9335,0.012058,0.4753
int_rate,"(8.914, 9.427]",0.0361,0.6402,0.012042,0.4753
int_rate,"(9.427, 9.941]",0.0277,0.5516,0.007062,0.4753
int_rate,"(9.941, 10.454]",0.0289,0.629,0.009353,0.4753
int_rate,"(10.454, 10.967]",0.0248,0.3172,0.002263,0.4753
int_rate,"(10.967, 11.481]",0.059,0.3846,0.007724,0.4753
int_rate,"(11.481, 11.994]",0.0575,0.2357,0.002966,0.4753
int_rate,"(11.994, 12.508]",0.042,0.2753,0.002924,0.4753
int_rate,"(12.508, 13.021]",0.0539,-0.0112,7e-06,0.4753
int_rate,"(13.021, 13.534]",0.0439,-0.012,6e-06,0.4753
int_rate,"(13.534, 14.048]",0.0512,-0.1825,0.001802,0.4753
int_rate,"(14.048, 14.561]",0.042,-0.1193,0.000619,0.4753
int_rate,"(14.561, 15.075]",0.0284,-0.2266,0.001558,0.4753
int_rate,"(15.075, 15.588]",0.0201,-0.1723,0.00063,0.4753
int_rate,"(15.588, 16.101]",0.04,-0.3114,0.004253,0.4753
int_rate,"(16.101, 16.615]",0.0316,-0.4541,0.007414,0.4753
int_rate,"(16.615, 17.128]",0.021,-0.5121,0.006376,0.4753
int_rate,"(17.128, 17.642]",0.027,-0.5639,0.010055,0.4753
int_rate,"(17.642, 18.155]",0.0175,-0.6492,0.008804,0.4753
int_rate,"(18.155, 18.668]",0.0266,-0.7056,0.01604,0.4753
int_rate,"(18.668, 19.182]",0.0177,-0.6906,0.010187,0.4753
int_rate,"(19.182, 19.695]",0.0152,-0.7808,0.011431,0.4753
int_rate,"(19.695, 20.209]",0.0154,-0.8829,0.015125,0.4753
int_rate,"(20.209, 20.722]",0.0051,-0.627,0.002404,0.4753
int_rate,"(20.722, 21.235]",0.0115,-0.9303,0.012636,0.4753
int_rate,"(21.235, 21.749]",0.0058,-0.8396,0.005084,0.4753
int_rate,"(21.749, 22.262]",0.0069,-0.9959,0.008804,0.4753
int_rate,"(22.262, 22.776]",0.0056,-0.9867,0.00701,0.4753
int_rate,"(22.776, 23.289]",0.0054,-1.1572,0.009516,0.4753
int_rate,"(23.289, 23.802]",0.0039,-0.7988,0.00312,0.4753
int_rate,"(23.802, 24.316]",0.0053,-1.2081,0.010336,0.4753
int_rate,"(24.316, 24.829]",0.0033,-1.0691,0.004974,0.4753
int_rate,"(24.829, 25.343]",0.0051,-1.3351,0.012255,0.4753
int_rate,"(25.343, 25.856]",0.0038,-1.292,0.008629,0.4753
int_rate,"(25.856, 26.369]",0.0019,-1.4535,0.005494,0.4753
int_rate,"(26.369, 26.883]",0.0011,-1.6229,0.004206,0.4753
int_rate,"(26.883, 27.396]",0.001,-1.604,0.003563,0.4753
int_rate,"(27.396, 27.91]",0.0008,-1.6969,0.00318,0.4753
int_rate,"(27.91, 28.423]",0.0006,-1.6135,0.00208,0.4753
int_rate,"(28.423, 28.936]",0.0005,-1.7254,0.001942,0.4753
int_rate,"(28.936, 29.45]",0.0002,-1.854,0.00113,0.4753
int_rate,"(29.45, 29.963]",0.0003,-1.6899,0.001093,0.4753
int_rate,"(29.963, 30.477]",0.0,-0.6061,1.3e-05,0.4753
int_rate,"(30.477, 30.99]",0.0001,-1.598,0.000518,0.4753
term,36,0.7593,0.2951,0.060264,0.2035
term,60,0.2407,-0.7015,0.143269,0.2035
purpose,small_business,0.0118,-0.496,0.00334,0.0201
purpose,renewable_energy,0.0007,-0.2216,3.6e-05,0.0201
purpose,moving,0.0067,-0.1878,0.000249,0.0201
purpose,house,0.0045,-0.1669,0.000131,0.0201
purpose,medical,0.0105,-0.1044,0.000118,0.0201
purpose,debt_consolidation,0.5858,-0.0767,0.003526,0.0201
purpose,educational,0.0004,-0.0764,2e-06,0.0201
purpose,other,0.053,-0.0642,0.000223,0.0201
purpose,vacation,0.006,0.0439,1.1e-05,0.0201
purpose,major_purchase,0.0208,0.1355,0.000366,0.0201
purpose,home_improvement,0.0617,0.141,0.001174,0.0201
purpose,credit_card,0.2257,0.2076,0.009115,0.0201
purpose,car,0.0105,0.3661,0.001254,0.0201
purpose,wedding,0.0022,0.5376,0.000529,0.0201
initial_list_status,w,0.5386,-0.0234,0.000297,0.0006
initial_list_status,f,0.4614,0.0277,0.000352,0.0006
addr_state,NE,0.0021,-0.3552,0.000297,0.0149
addr_state,MS,0.0046,-0.3177,0.000514,0.0149
addr_state,AL,0.0124,-0.2308,0.000709,0.0149
addr_state,AR,0.0075,-0.227,0.000415,0.0149
addr_state,OK,0.0091,-0.2089,0.000425,0.0149
addr_state,LA,0.0117,-0.1716,0.000363,0.0149
addr_state,NV,0.0145,-0.144,0.000314,0.0149
addr_state,TN,0.0149,-0.1184,0.000216,0.0149
addr_state,SD,0.0021,-0.1098,2.6e-05,0.0149
addr_state,NY,0.0827,-0.1035,0.000915,0.0149
addr_state,IN,0.0158,-0.1014,0.000167,0.0149
addr_state,NM,0.0056,-0.0894,4.6e-05,0.0149
addr_state,MO,0.0159,-0.0829,0.000112,0.0149
addr_state,FL,0.0702,-0.0823,0.000488,0.0149
addr_state,KY,0.0095,-0.0768,5.8e-05,0.0149
addr_state,MD,0.0232,-0.0742,0.000131,0.0149
addr_state,ND,0.001,-0.073,5e-06,0.0149
addr_state,IA,0.0,-0.0662,0.0,0.0149
addr_state,NJ,0.0368,-0.0636,0.000152,0.0149
addr_state,OH,0.0331,-0.0636,0.000136,0.0149
addr_state,PA,0.0342,-0.0606,0.000128,0.0149
addr_state,NC,0.0279,-0.0566,9.1e-05,0.0149
addr_state,ID,0.0007,-0.056,2e-06,0.0149
addr_state,HI,0.0051,-0.0389,8e-06,0.0149
addr_state,MI,0.0261,-0.0127,4e-06,0.0149
addr_state,VA,0.0287,-0.0097,3e-06,0.0149
addr_state,DE,0.0028,-0.0068,0.0,0.0149
addr_state,MN,0.0178,-0.0002,0.0,0.0149
addr_state,AZ,0.0237,0.01,2e-06,0.0149
addr_state,TX,0.0815,0.0212,3.6e-05,0.0149
addr_state,AK,0.0025,0.0232,1e-06,0.0149
addr_state,CA,0.1467,0.0309,0.000138,0.0149
addr_state,MA,0.023,0.0779,0.000137,0.0149
addr_state,GA,0.0325,0.0972,0.000298,0.0149
addr_state,RI,0.0043,0.1065,4.8e-05,0.0149
addr_state,IL,0.0392,0.1198,0.000543,0.0149
addr_state,UT,0.0072,0.1208,0.000101,0.0149
addr_state,WI,0.0131,0.1489,0.000278,0.0149
addr_state,CT,0.0148,0.1659,0.000387,0.0149
addr_state,MT,0.0029,0.1817,9e-05,0.0149
addr_state,WY,0.0023,0.1876,7.6e-05,0.0149
addr_state,SC,0.0118,0.2136,0.000505,0.0149
addr_state,KS,0.0086,0.2248,0.000405,0.0149
addr_state,WV,0.0042,0.2476,0.000238,0.0149
addr_state,WA,0.0217,0.2505,0.001257,0.0149
addr_state,CO,0.0215,0.2771,0.001514,0.0149
addr_state,ME,0.0011,0.3391,0.00012,0.0149
addr_state,OR,0.0122,0.3676,0.001466,0.0149
addr_state,NH,0.0048,0.3901,0.000641,0.0149
addr_state,VT,0.002,0.4264,0.000315,0.0149
addr_state,DC,0.0027,0.503,0.000582,0.0149
